# Blender 4.3.0
# www.blender.org
mtllib ExplosionSphere01.mtl
o ExplosionSphere01
v -1.130433 -0.004172 0.646590
v -1.147498 -0.204796 0.518821
v -1.162770 -0.067046 0.569466
v -1.139305 -0.334964 0.358863
v -1.167277 -0.251964 0.408948
v -1.233595 -0.080679 0.403396
v -1.152186 -0.348959 0.242038
v -1.210009 -0.242038 0.242038
v -1.261930 -0.080679 0.242038
v -1.149244 -0.345547 0.080679
v -1.203652 -0.242038 0.080679
v -1.257838 -0.080679 0.080679
v -0.968209 -0.322766 0.645477
v -0.996681 -0.242038 0.666033
v -1.055483 -0.067046 0.691487
v -0.969853 -0.485753 0.485932
v -0.998307 -0.387290 0.549732
v -1.084618 -0.251964 0.569466
v -1.113705 -0.111744 0.626393
v -0.982649 -0.497801 0.403396
v -1.073393 -0.394608 0.408948
v -1.124223 -0.312368 0.466435
v -1.000709 -0.514774 0.242038
v -1.081388 -0.429638 0.242038
v -0.998365 -0.512619 0.080679
v -1.079045 -0.426226 0.080679
v -0.817820 -0.177593 0.812372
v -0.845387 -0.080679 0.822098
v -0.887471 -0.348693 0.671854
v -0.877952 -0.235643 0.747567
v -0.926066 -0.080679 0.782813
v -0.887471 -0.504271 0.511158
v -0.887471 -0.429372 0.591837
v -0.887471 -0.545479 0.403396
v -0.887471 -0.576019 0.242038
v -0.887471 -0.571451 0.080679
v -0.726113 -0.203378 0.828338
v -0.726113 -0.080679 0.879293
v -0.726113 -0.388581 0.706146
v -0.726113 -0.284058 0.786825
v -0.726113 -0.531085 0.549695
v -0.726113 -0.469260 0.630374
v -0.726113 -0.598591 0.403396
v -0.661173 -0.649374 0.195830
v -0.719420 -0.628627 0.246585
v -0.661173 -0.649374 0.125704
v -0.719420 -0.626667 0.075422
v -0.508102 -0.189055 0.994482
v -0.541496 -0.080679 1.027210
v -0.515238 -0.333020 0.824268
v -0.565456 -0.248889 0.880890
v -0.622175 -0.080679 0.944666
v -0.533166 -0.489341 0.650609
v -0.577988 -0.408271 0.724690
v -0.622811 -0.308722 0.798771
v -0.578073 -0.527953 0.580562
v -0.640738 -0.483523 0.644887
v -0.564754 -0.611248 0.403396
v -0.564754 -0.661337 0.219889
v -0.564754 -0.641028 0.300568
v -0.578513 -0.673804 0.075422
v -0.641472 -0.643286 0.018131
v -0.337058 -0.172232 1.139750
v -0.373021 -0.080679 1.160248
v -0.337855 -0.330347 0.978791
v -0.391243 -0.234430 1.040422
v -0.453701 -0.080679 1.107890
v -0.396343 -0.344875 0.881820
v -0.445427 -0.296627 0.931840
v -0.458607 -0.489341 0.650609
v -0.404251 -0.433505 0.713082
v -0.404251 -0.520441 0.575522
v -0.351035 -0.478065 0.636487
v -0.357332 -0.653734 0.334039
v -0.408029 -0.611832 0.394053
v -0.408029 -0.678912 0.252043
v -0.464904 -0.641659 0.312499
v -0.403396 -0.732633 0.080679
v -0.242038 -0.190009 1.152977
v -0.242038 -0.080679 1.208747
v -0.242038 -0.342189 0.996437
v -0.242038 -0.270688 1.077117
v -0.242038 -0.382034 0.887471
v -0.242038 -0.423975 0.726113
v -0.242038 -0.515348 0.535176
v -0.242038 -0.464810 0.615855
v -0.242038 -0.661236 0.340573
v -0.242038 -0.596027 0.421252
v -0.242038 -0.712214 0.242038
v -0.171165 -0.809200 0.007769
v -0.231786 -0.776373 0.069205
v -0.080679 -0.205368 1.161925
v -0.080679 -0.080679 1.227903
v -0.080679 -0.346767 1.007802
v -0.080679 -0.286047 1.088481
v -0.080679 -0.393642 0.887471
v -0.080679 -0.416352 0.726113
v -0.080679 -0.509591 0.517088
v -0.080679 -0.450155 0.597768
v -0.080679 -0.663425 0.341571
v -0.080679 -0.590270 0.422251
v -0.080679 -0.717867 0.242038
v -0.138109 -0.809200 0.007769
v -0.082865 -0.783501 0.069205
v -1.295861 0.129467 0.190498
v -1.295861 0.177835 0.190498
v -1.295861 0.129467 0.141863
v -1.295861 0.177835 0.141863
v -1.130433 0.004775 0.646590
v -1.168957 0.067408 0.572961
v -1.159594 0.242038 0.530648
v -1.141322 0.343928 0.505600
v -1.251811 0.080679 0.403396
v -1.218213 0.242038 0.403396
v -1.160133 0.376839 0.403396
v -1.283215 0.077680 0.243386
v -1.265670 0.235788 0.243386
v -1.179133 0.417832 0.253900
v -1.141993 0.498996 0.208021
v -1.279698 0.077680 0.085118
v -1.259963 0.235788 0.085118
v -1.176401 0.413034 0.076434
v -1.141993 0.498996 0.127389
v -1.058912 0.067408 0.700994
v -1.020811 0.242038 0.693164
v -0.994667 0.353670 0.665806
v -1.119420 0.112347 0.632219
v -1.101490 0.242038 0.611327
v -1.049814 0.402585 0.565562
v -0.997388 0.513383 0.517951
v -1.109601 0.457519 0.403396
v -1.018135 0.566203 0.390095
v -0.970430 0.647277 0.327442
v -1.127513 0.481241 0.315594
v -1.073453 0.557571 0.253900
v -0.980257 0.653499 0.242038
v -1.121039 0.473246 0.019817
v -1.051526 0.569760 0.070618
v -0.982013 0.654344 0.121418
v -0.866670 0.080679 0.835400
v -0.841275 0.242038 0.827442
v -0.813364 0.331623 0.811009
v -0.947349 0.080679 0.794696
v -0.921954 0.242038 0.773843
v -0.879058 0.396433 0.721625
v -0.837179 0.507624 0.669871
v -0.944752 0.461242 0.625524
v -0.886585 0.564289 0.564597
v -0.828419 0.656898 0.503671
v -0.935992 0.620955 0.435014
v -0.884312 0.668265 0.390095
v -0.887471 0.691587 0.242038
v -0.961783 0.640524 0.013846
v -0.899787 0.680205 0.072851
v -0.649924 0.116542 0.971657
v -0.649924 0.169975 0.971657
v -0.712671 0.069925 0.926089
v -0.712671 0.231072 0.908128
v -0.726113 0.357889 0.835295
v -0.726113 0.438568 0.774257
v -0.726113 0.533536 0.693578
v -0.726113 0.614216 0.607739
v -0.726113 0.667511 0.527060
v -0.726113 0.711130 0.403396
v -0.726113 0.741066 0.242038
v -0.726113 0.747287 0.080679
v -0.490042 0.113450 1.135984
v -0.490042 0.178660 1.135984
v -0.567112 0.061210 1.049898
v -0.558904 0.228104 1.043580
v -0.520193 0.367591 1.007930
v -0.644181 0.008970 0.967476
v -0.627765 0.277547 0.948151
v -0.575332 0.417935 0.899467
v -0.522900 0.510971 0.850782
v -0.630472 0.468279 0.792761
v -0.571913 0.555140 0.733830
v -0.564754 0.633414 0.627309
v -0.564754 0.673446 0.546630
v -0.564754 0.737691 0.403396
v -0.568891 0.787360 0.256110
v -0.517863 0.827986 0.211706
v -0.620015 0.791184 0.080679
v -0.539335 0.850798 0.080679
v -0.418899 0.068070 1.175657
v -0.408685 0.236282 1.172531
v -0.358425 0.360390 1.155044
v -0.483021 0.005878 1.128138
v -0.465997 0.286232 1.115502
v -0.416078 0.417777 1.061649
v -0.366159 0.515824 1.007797
v -0.473731 0.475164 0.958354
v -0.413325 0.545045 0.897729
v -0.409769 0.620027 0.726061
v -0.360232 0.652697 0.672240
v -0.467804 0.640795 0.637337
v -0.409769 0.687792 0.576032
v -0.417925 0.779324 0.410923
v -0.373825 0.840436 0.362155
v -0.481397 0.805251 0.319278
v -0.407724 0.887997 0.249588
v -0.334050 0.975514 0.179898
v -0.430316 0.931477 0.080679
v -0.349637 0.980529 0.080679
v -0.242038 0.080679 1.254575
v -0.242038 0.242038 1.243549
v -0.230421 0.409864 1.166347
v -0.168890 0.486157 1.131248
v -0.276462 0.467962 1.115369
v -0.230421 0.530135 1.056481
v -0.240708 0.619212 0.882545
v -0.186035 0.651219 0.825475
v -0.293607 0.634619 0.779812
v -0.240708 0.671187 0.726061
v -0.247824 0.758632 0.563514
v -0.197896 0.833805 0.508900
v -0.305468 0.796961 0.469727
v -0.240422 0.890906 0.402044
v -0.175376 0.973085 0.334360
v -0.282948 0.948008 0.287470
v -0.234312 0.987935 0.237025
v -0.242038 1.015736 0.080679
v -0.080679 0.080679 1.267044
v -0.080679 0.242038 1.252009
v -0.084939 0.417363 1.171306
v -0.141565 0.486157 1.131248
v -0.033993 0.480461 1.125990
v -0.084939 0.535033 1.062854
v -0.068533 0.630081 0.882545
v -0.114222 0.651219 0.825475
v -0.006650 0.644570 0.805096
v -0.068533 0.683658 0.741231
v -0.080679 0.769555 0.600312
v -0.080679 0.845040 0.519633
v -0.080679 0.925719 0.425040
v -0.080679 0.979142 0.344361
v -0.080679 1.014570 0.242038
v -0.080679 1.055520 0.080679
v -1.135382 -0.330415 -0.019995
v -1.159300 -0.244868 -0.076540
v -1.222260 -0.080679 -0.080679
v -1.142678 -0.192968 -0.196974
v -1.161863 -0.083646 -0.247271
v -1.137264 -0.026343 -0.403396
v -1.130780 -0.003285 -0.487936
v -0.982655 -0.497826 -0.030272
v -1.050679 -0.401773 -0.078920
v -1.118703 -0.300540 -0.127567
v -1.011131 -0.365559 -0.211906
v -1.066951 -0.256557 -0.258226
v -1.122770 -0.139411 -0.304546
v -1.026576 -0.227944 -0.403396
v -1.107255 -0.107022 -0.403396
v -0.999003 -0.198923 -0.528405
v -1.050810 -0.075481 -0.561956
v -0.995044 -0.040105 -0.665420
v -0.890881 -0.523451 -0.082707
v -0.946940 -0.473131 -0.137844
v -0.839368 -0.500849 -0.182508
v -0.901613 -0.412702 -0.250993
v -0.963857 -0.320147 -0.319479
v -0.858277 -0.349424 -0.403396
v -0.938956 -0.308623 -0.403396
v -0.825946 -0.328772 -0.496717
v -0.893648 -0.251533 -0.566347
v -0.961349 -0.147678 -0.635977
v -0.853777 -0.196571 -0.684567
v -0.893648 -0.087677 -0.728780
v -0.825946 -0.027676 -0.835352
v -0.726113 -0.595419 -0.080679
v -0.727365 -0.537790 -0.238591
v -0.781985 -0.459844 -0.290080
v -0.674413 -0.511883 -0.372489
v -0.727365 -0.439279 -0.417123
v -0.716206 -0.360139 -0.556203
v -0.763387 -0.304143 -0.604289
v -0.655815 -0.327944 -0.660005
v -0.721338 -0.250285 -0.726072
v -0.786862 -0.135248 -0.792140
v -0.683372 -0.204093 -0.887471
v -0.764448 -0.081149 -0.888471
v -0.662162 -0.183270 -1.017528
v -0.692668 -0.094812 -1.062320
v -0.667229 -0.050447 -1.153859
v -0.554687 -0.685583 -0.080679
v -0.635366 -0.637191 -0.080679
v -0.535537 -0.680800 -0.242038
v -0.616216 -0.619317 -0.242038
v -0.508366 -0.665137 -0.355294
v -0.574833 -0.569491 -0.417678
v -0.641299 -0.481378 -0.480061
v -0.533727 -0.519527 -0.522293
v -0.578410 -0.445717 -0.571549
v -0.570160 -0.365540 -0.718720
v -0.627550 -0.303998 -0.767578
v -0.528735 -0.353891 -0.887471
v -0.609414 -0.284772 -0.887471
v -0.507719 -0.339249 -1.000444
v -0.575251 -0.244763 -1.062772
v -0.642782 -0.158019 -1.125101
v -0.535210 -0.198683 -1.165771
v -0.569699 -0.089049 -1.213601
v -0.403396 -0.751152 -0.080679
v -0.403396 -0.740668 -0.242038
v -0.401240 -0.685803 -0.406807
v -0.453589 -0.627099 -0.462867
v -0.346017 -0.657926 -0.497617
v -0.407260 -0.567951 -0.563741
v -0.468503 -0.471401 -0.629865
v -0.360931 -0.508803 -0.679248
v -0.410189 -0.450839 -0.730266
v -0.403396 -0.406177 -0.887471
v -0.402614 -0.357606 -1.052070
v -0.455878 -0.306255 -1.108016
v -0.348306 -0.334438 -1.142271
v -0.397287 -0.237491 -1.207808
v -0.446269 -0.127652 -1.273344
v -0.184623 -0.812806 -0.080679
v -0.265302 -0.791681 -0.080679
v -0.182571 -0.812402 -0.180756
v -0.238629 -0.784163 -0.237540
v -0.242038 -0.731634 -0.403396
v -0.242038 -0.672453 -0.514222
v -0.242038 -0.608065 -0.594901
v -0.242038 -0.527386 -0.701958
v -0.242038 -0.466206 -0.782638
v -0.242038 -0.431596 -0.887471
v -0.242038 -0.388553 -1.048829
v -0.242038 -0.342483 -1.152811
v -0.242038 -0.255795 -1.233490
v -0.114393 -0.812806 -0.080679
v -0.033714 -0.802348 -0.080679
v -0.121988 -0.812402 -0.180756
v -0.073193 -0.790689 -0.237540
v -0.080679 -0.742647 -0.403396
v -0.080679 -0.680530 -0.526650
v -0.080679 -0.613452 -0.607330
v -0.080679 -0.532773 -0.699806
v -0.080679 -0.457958 -0.780485
v -0.080679 -0.419276 -0.887471
v -0.071261 -0.365094 -1.060605
v -0.011196 -0.317055 -1.122241
v -0.118768 -0.337351 -1.147816
v -0.067968 -0.244694 -1.216803
v -0.017167 -0.152589 -1.285791
v -0.496615 -0.020080 -1.298497
v -0.338697 -0.168728 -1.296500
v -0.396848 -0.076591 -1.315004
v -0.242038 -0.175116 -1.300772
v -0.242038 -0.080679 -1.342881
v -0.124739 -0.172332 -1.298440
v -0.074844 -0.091553 -1.325921
v -1.240383 0.080679 -0.080679
v -1.203917 0.242038 -0.080679
v -1.152959 0.364137 -0.080679
v -1.190985 0.080679 -0.242038
v -1.166597 0.242038 -0.242038
v -1.135688 0.333851 -0.242038
v -1.156230 0.080679 -0.403396
v -1.145543 0.238909 -0.390641
v -1.130945 0.325292 -0.328352
v -1.136339 0.080679 -0.496774
v -1.137345 0.183037 -0.497146
v -1.099285 0.444816 -0.080679
v -1.018606 0.536313 -0.080679
v -1.076824 0.414530 -0.242038
v -0.996145 0.508362 -0.242038
v -1.116948 0.290609 -0.435924
v -1.050233 0.403667 -0.402941
v -0.983518 0.495684 -0.369957
v -1.088260 0.080679 -0.577453
v -1.075778 0.238909 -0.556461
v -1.002747 0.365495 -0.564754
v -1.007580 0.080679 -0.681345
v -0.991087 0.242038 -0.669425
v -0.973053 0.328002 -0.649528
v -0.899787 0.622606 -0.096704
v -0.854211 0.668437 -0.053601
v -0.887471 0.572295 -0.242038
v -0.965325 0.482041 -0.477530
v -0.901911 0.525274 -0.415604
v -0.901911 0.453529 -0.580511
v -0.857752 0.509548 -0.537229
v -0.926862 0.080679 -0.762024
v -0.917891 0.242038 -0.750104
v -0.875651 0.364997 -0.712433
v -0.839200 0.093423 -0.888471
v -0.832023 0.228698 -0.880095
v -0.813985 0.334488 -0.821392
v -0.808283 0.155705 -0.971098
v -0.808283 0.166018 -0.971098
v -0.806546 0.645309 -0.161174
v -0.742101 0.697914 -0.096704
v -0.767001 0.628688 -0.242038
v -0.686322 0.661468 -0.242038
v -0.710564 0.603122 -0.387862
v -0.646411 0.645797 -0.323720
v -0.806090 0.483699 -0.644801
v -0.741827 0.535578 -0.580511
v -0.786759 0.452282 -0.726113
v -0.706080 0.529582 -0.726113
v -0.793206 0.048133 -0.942924
v -0.789794 0.273590 -0.928964
v -0.754037 0.394323 -0.880095
v -0.672917 0.517535 -0.887471
v -0.761027 0.093423 -1.034462
v -0.753619 0.228698 -1.034462
v -0.680543 0.403691 -1.045712
v -0.654301 0.494594 -0.989848
v -0.679096 0.080679 -1.171011
v -0.672395 0.242038 -1.164218
v -0.658294 0.350101 -1.144801
v -0.605147 0.774461 -0.080679
v -0.524468 0.845199 -0.080679
v -0.556998 0.747258 -0.243814
v -0.498040 0.820522 -0.191213
v -0.611658 0.625430 -0.431292
v -0.560625 0.677227 -0.387862
v -0.582305 0.610028 -0.564754
v -0.501626 0.655726 -0.564754
v -0.585990 0.610261 -0.726113
v -0.505311 0.655337 -0.726113
v -0.593014 0.598214 -0.887471
v -0.512335 0.660865 -0.887471
v -0.625195 0.457674 -1.097420
v -0.561013 0.555854 -1.041371
v -0.496830 0.654659 -0.985323
v -0.596374 0.080679 -1.251691
v -0.592429 0.242038 -1.244897
v -0.558276 0.395706 -1.204684
v -0.517623 0.509542 -1.156994
v -0.430316 0.925878 -0.080679
v -0.349637 0.980529 -0.080679
v -0.470909 0.793761 -0.298785
v -0.402480 0.884265 -0.239342
v -0.334050 0.975514 -0.179898
v -0.411632 0.769080 -0.412351
v -0.363337 0.840436 -0.364535
v -0.403396 0.705438 -0.564754
v -0.403396 0.691999 -0.726113
v -0.403396 0.696646 -0.887471
v -0.438434 0.617114 -1.092895
v -0.392147 0.664594 -1.042997
v -0.433781 0.441310 -1.264566
v -0.382322 0.551478 -1.199513
v -0.330862 0.648915 -1.134460
v -0.242038 1.015736 -0.080679
v -0.282949 0.948008 -0.287470
v -0.234312 0.987935 -0.237025
v -0.308152 0.798885 -0.472107
v -0.241764 0.890906 -0.403234
v -0.175376 0.973085 -0.334360
v -0.249434 0.770326 -0.565922
v -0.200579 0.833805 -0.512914
v -0.242038 0.733525 -0.726113
v -0.242038 0.724533 -0.887471
v -0.242038 0.683475 -1.048829
v -0.185973 0.482046 -1.289626
v -0.240670 0.549678 -1.231841
v -0.242038 0.651439 -1.137336
v -0.080679 1.055520 -0.080679
v -0.080679 1.014570 -0.242038
v -0.080679 0.925719 -0.425040
v -0.080679 0.979142 -0.344361
v -0.080679 0.775108 -0.605547
v -0.080679 0.845040 -0.524868
v -0.080679 0.734646 -0.726113
v -0.080679 0.711336 -0.887471
v -0.039386 0.628471 -1.101449
v -0.088175 0.668698 -1.048130
v -0.080679 0.463908 -1.277569
v -0.088175 0.570712 -1.186705
v -0.146958 0.649960 -1.134994
v -0.515694 0.080679 -1.310253
v -0.511750 0.242038 -1.308604
v -0.491356 0.333737 -1.296299
v -0.403396 0.080679 -1.357275
v -0.403396 0.242038 -1.354551
v -0.389355 0.393872 -1.310205
v -0.326209 0.485841 -1.292133
v -0.242038 0.080679 -1.388860
v -0.242038 0.242038 -1.384793
v -0.240670 0.418314 -1.322060
v -0.293545 0.485841 -1.292133
v -0.080679 0.080679 -1.374877
v -0.080679 0.242038 -1.365707
v -0.080679 0.383229 -1.319834
v 0.040761 -0.192710 1.151680
v 0.089000 -0.085943 1.179292
v 0.031629 -0.336450 0.993943
v 0.089981 -0.250793 1.056525
v 0.148333 -0.143238 1.119107
v 0.083521 -0.354367 0.888156
v 0.139201 -0.308875 0.942399
v 0.080679 -0.393266 0.726113
v 0.080679 -0.506867 0.511410
v 0.080679 -0.444682 0.592090
v 0.042067 -0.656653 0.335371
v 0.089783 -0.596933 0.394852
v 0.089783 -0.687148 0.254520
v 0.149639 -0.641782 0.316628
v 0.080679 -0.751756 0.080679
v 0.180408 -0.035666 1.145954
v 0.201957 -0.201303 1.011535
v 0.244969 -0.086871 1.052528
v 0.191951 -0.333363 0.834826
v 0.250740 -0.256972 0.895909
v 0.309529 -0.138075 0.956991
v 0.244258 -0.370887 0.735377
v 0.299524 -0.312642 0.795340
v 0.242038 -0.525073 0.527961
v 0.242038 -0.455624 0.608640
v 0.301689 -0.647121 0.331303
v 0.245556 -0.611497 0.392412
v 0.245556 -0.666005 0.254520
v 0.194116 -0.641782 0.316628
v 0.242038 -0.705279 0.080679
v 0.338039 -0.030503 0.985949
v 0.403396 -0.203437 0.842092
v 0.396453 -0.082845 0.912287
v 0.403396 -0.394817 0.705803
v 0.403396 -0.284117 0.786482
v 0.403396 -0.551925 0.556202
v 0.403396 -0.475497 0.636881
v 0.403396 -0.656242 0.359633
v 0.403396 -0.632604 0.440312
v 0.403396 -0.683639 0.242038
v 0.403396 -0.697643 0.080679
v 0.564754 -0.180960 0.814057
v 0.564754 -0.080679 0.837372
v 0.598363 -0.487461 0.648175
v 0.552648 -0.419245 0.692880
v 0.564754 -0.261639 0.783365
v 0.552648 -0.542726 0.580645
v 0.490791 -0.483597 0.645026
v 0.564754 -0.660769 0.372988
v 0.564754 -0.635528 0.453667
v 0.564754 -0.694881 0.242038
v 0.564754 -0.704576 0.080679
v 0.666053 -0.175099 0.812038
v 0.684274 -0.080679 0.818153
v 0.651299 -0.487461 0.648175
v 0.713496 -0.401236 0.680494
v 0.722348 -0.234146 0.769332
v 0.764953 -0.080679 0.793374
v 0.713496 -0.526287 0.563163
v 0.758871 -0.453583 0.615888
v 0.694095 -0.653157 0.349110
v 0.739173 -0.620495 0.403096
v 0.739173 -0.661506 0.243429
v 0.801667 -0.644474 0.298143
v 0.742005 -0.665258 0.067733
v 0.806387 -0.645323 0.005316
v 0.831541 -0.346011 0.662948
v 0.886184 -0.229794 0.683573
v 0.887471 -0.080679 0.729123
v 0.835117 -0.505636 0.508316
v 0.887115 -0.405353 0.565946
v 0.939113 -0.275418 0.623576
v 0.888330 -0.534038 0.397404
v 0.942689 -0.464695 0.447196
v 0.809828 -0.646400 0.190571
v 0.873157 -0.604480 0.243429
v 0.809828 -0.646400 0.112889
v 0.873157 -0.610950 0.067733
v 0.971118 -0.167845 0.648252
v 0.983525 -0.080679 0.661861
v 0.997931 -0.357123 0.516004
v 1.015944 -0.229794 0.567776
v 1.073138 -0.075219 0.551479
v 0.976419 -0.492960 0.339624
v 1.020723 -0.407904 0.397404
v 1.108449 -0.252191 0.410862
v 1.122630 -0.125366 0.469625
v 0.996617 -0.514282 0.242038
v 1.085209 -0.399988 0.250683
v 1.125293 -0.312745 0.310233
v 1.003324 -0.521732 0.080679
v 1.084003 -0.422728 0.080679
v 1.132874 -0.017793 0.488842
v 1.146385 -0.205173 0.362053
v 1.160830 -0.075219 0.410862
v 1.142363 -0.343930 0.202661
v 1.168431 -0.252191 0.250683
v 1.217748 -0.080679 0.242038
v 1.141223 -0.342049 0.080679
v 1.185729 -0.242038 0.080679
v 1.223754 -0.080679 0.080679
v 0.080679 0.080679 1.224502
v 0.080679 0.242038 1.207522
v 0.080679 0.365485 1.158129
v 0.080679 0.446164 1.100388
v 0.080679 0.527422 1.019709
v 0.080679 0.592911 0.887471
v 0.080679 0.630243 0.782887
v 0.080679 0.678214 0.702208
v 0.080679 0.758893 0.593040
v 0.080679 0.837382 0.512361
v 0.080679 0.918061 0.425463
v 0.080679 0.981121 0.344784
v 0.080679 1.015355 0.242038
v 0.080679 1.055880 0.080679
v 0.199412 0.080679 1.159204
v 0.189652 0.242038 1.150140
v 0.167395 0.329569 1.133868
v 0.280092 0.080679 1.083814
v 0.270332 0.242038 1.071583
v 0.227224 0.380762 1.031920
v 0.179481 0.501959 0.986628
v 0.285781 0.433993 0.887471
v 0.205102 0.523285 0.887471
v 0.309133 0.469419 0.793122
v 0.247793 0.572886 0.731083
v 0.186452 0.661092 0.669043
v 0.294024 0.627301 0.624740
v 0.242120 0.725593 0.561972
v 0.190215 0.823594 0.499204
v 0.297788 0.790094 0.469257
v 0.241211 0.888567 0.402091
v 0.184633 0.975724 0.334925
v 0.292206 0.953540 0.286864
v 0.239867 0.987124 0.236662
v 0.242038 1.017548 0.080679
v 0.350440 0.080679 1.003135
v 0.339595 0.242038 0.990904
v 0.323578 0.324382 0.969640
v 0.431119 0.080679 0.919783
v 0.425237 0.248185 0.884473
v 0.353956 0.353314 0.887471
v 0.471079 0.306070 0.794798
v 0.411734 0.410738 0.759271
v 0.403396 0.511034 0.675706
v 0.403396 0.591713 0.594179
v 0.403396 0.678060 0.513500
v 0.417329 0.766950 0.410641
v 0.372831 0.845968 0.361685
v 0.480404 0.804460 0.313601
v 0.405691 0.887128 0.246447
v 0.330979 0.973116 0.179292
v 0.426439 0.917918 0.080679
v 0.345760 0.981981 0.080679
v 0.580543 0.096192 0.838582
v 0.537283 0.198498 0.828689
v 0.644855 0.160320 0.806601
v 0.580543 0.248185 0.790037
v 0.550531 0.416852 0.693485
v 0.487263 0.484367 0.645681
v 0.594836 0.479609 0.641238
v 0.554978 0.562627 0.565727
v 0.515121 0.651847 0.490216
v 0.622693 0.640887 0.469184
v 0.567246 0.685537 0.410597
v 0.556705 0.759502 0.252704
v 0.497552 0.820716 0.206029
v 0.593956 0.765694 0.080679
v 0.513276 0.837239 0.080679
v 0.676601 0.052748 0.816694
v 0.728677 0.096192 0.791937
v 0.726113 0.242038 0.755361
v 0.726113 0.376549 0.687748
v 0.726113 0.457228 0.620075
v 0.726113 0.538825 0.539396
v 0.730582 0.621684 0.410597
v 0.679775 0.654406 0.361612
v 0.787348 0.640423 0.291482
v 0.730582 0.666256 0.239433
v 0.803866 0.643621 0.016368
v 0.740493 0.679269 0.074364
v 0.887471 0.080679 0.724679
v 0.886251 0.230651 0.680534
v 0.831651 0.345174 0.663808
v 0.939224 0.276847 0.623862
v 0.891601 0.408539 0.566054
v 0.843979 0.507835 0.508246
v 0.951551 0.471904 0.458672
v 0.893648 0.534794 0.404290
v 0.876266 0.600037 0.239433
v 0.815009 0.649051 0.183910
v 0.876266 0.605223 0.074364
v 0.815009 0.649051 0.123941
v 0.985113 0.080679 0.662426
v 0.973236 0.169275 0.649005
v 1.065792 0.080679 0.568484
v 1.039337 0.219243 0.554072
v 0.997866 0.364332 0.516290
v 1.108409 0.275164 0.403396
v 1.022085 0.412229 0.404290
v 0.978603 0.496072 0.351099
v 1.125446 0.312818 0.311032
v 1.082290 0.398494 0.251162
v 0.992853 0.511766 0.242038
v 1.077422 0.421284 0.080679
v 0.996743 0.515851 0.080679
v 1.132117 0.080679 0.487805
v 1.129621 0.161639 0.484281
v 1.168566 0.080679 0.403396
v 1.142071 0.194485 0.403396
v 1.210156 0.080679 0.242038
v 1.162743 0.252234 0.251162
v 1.143007 0.341440 0.203460
v 1.215088 0.080679 0.080679
v 1.177985 0.242038 0.080679
v 1.142144 0.340605 0.080679
v 0.080679 -0.771802 -0.080679
v 0.080679 -0.760860 -0.242038
v 0.091935 -0.700712 -0.415264
v 0.153225 -0.639357 -0.476962
v 0.045652 -0.668695 -0.514188
v 0.101912 -0.577671 -0.578491
v 0.158172 -0.482183 -0.642793
v 0.050600 -0.515986 -0.676378
v 0.094903 -0.440112 -0.728544
v 0.089506 -0.359111 -0.887065
v 0.149177 -0.312661 -0.940581
v 0.041604 -0.347181 -1.014669
v 0.089506 -0.285397 -1.060605
v 0.080679 -0.202930 -1.171317
v 0.082140 -0.091553 -1.248181
v 0.242038 -0.717189 -0.080679
v 0.254655 -0.692441 -0.252058
v 0.316853 -0.641270 -0.312525
v 0.209281 -0.675299 -0.369390
v 0.254655 -0.610208 -0.415264
v 0.242038 -0.523845 -0.526856
v 0.242038 -0.458315 -0.607536
v 0.238517 -0.371074 -0.730695
v 0.289957 -0.312268 -0.787536
v 0.182384 -0.330087 -0.833008
v 0.238517 -0.280000 -0.887065
v 0.230545 -0.193836 -1.034774
v 0.279514 -0.080679 -1.084750
v 0.169097 -0.168662 -1.136543
v 0.198835 -0.080679 -1.160637
v 0.403396 -0.683540 -0.080679
v 0.403396 -0.658728 -0.198460
v 0.403396 -0.619358 -0.279140
v 0.392214 -0.530949 -0.401663
v 0.438546 -0.460901 -0.454294
v 0.330974 -0.489392 -0.489971
v 0.392214 -0.424384 -0.552156
v 0.410507 -0.343954 -0.730695
v 0.361462 -0.312268 -0.787536
v 0.469034 -0.326850 -0.819147
v 0.410507 -0.276478 -0.878748
v 0.403396 -0.192076 -0.997388
v 0.403396 -0.080679 -1.070306
v 0.567770 -0.667007 -0.093201
v 0.623566 -0.643548 -0.155334
v 0.515994 -0.648016 -0.167234
v 0.567770 -0.610507 -0.229427
v 0.564754 -0.522510 -0.362329
v 0.564754 -0.450858 -0.443008
v 0.564754 -0.389671 -0.564754
v 0.564754 -0.350842 -0.726113
v 0.564754 -0.331349 -0.833944
v 0.564754 -0.301023 -0.914623
v 0.564754 -0.220344 -1.021393
v 0.553145 -0.073209 -1.106967
v 0.599191 -0.014443 -1.135035
v 0.698814 -0.659411 -0.047762
v 0.742005 -0.635638 -0.093201
v 0.736055 -0.555727 -0.253480
v 0.796470 -0.477003 -0.314895
v 0.688898 -0.512139 -0.351527
v 0.746307 -0.416196 -0.416475
v 0.803715 -0.320545 -0.481422
v 0.721531 -0.359265 -0.564754
v 0.802210 -0.319983 -0.564754
v 0.715292 -0.340294 -0.726113
v 0.795971 -0.319665 -0.726113
v 0.687824 -0.330093 -0.830639
v 0.735411 -0.289364 -0.885643
v 0.726113 -0.202293 -1.004983
v 0.723970 -0.073209 -1.089014
v 0.668755 -0.014443 -1.135035
v 0.899235 -0.551245 -0.088832
v 0.960864 -0.477890 -0.148054
v 0.853292 -0.523530 -0.207323
v 0.910164 -0.423661 -0.264499
v 0.967035 -0.321589 -0.321676
v 0.859463 -0.369431 -0.373850
v 0.909483 -0.267281 -0.423775
v 0.959503 -0.144882 -0.473700
v 0.898419 -0.230425 -0.564916
v 0.959503 -0.144882 -0.511237
v 0.903121 -0.230171 -0.739755
v 0.967340 -0.160022 -0.802635
v 0.860200 -0.210095 -0.887471
v 0.944357 -0.096013 -0.900697
v 0.825027 -0.175151 -0.981786
v 0.858337 -0.080679 -1.011944
v 0.985362 -0.502894 -0.040482
v 1.049840 -0.402585 -0.078470
v 1.114318 -0.284767 -0.116458
v 1.006746 -0.370318 -0.214104
v 1.056193 -0.249392 -0.246429
v 1.096504 -0.080679 -0.271177
v 0.998069 -0.214017 -0.366128
v 1.016787 -0.086929 -0.413307
v 0.976670 -0.172543 -0.618810
v 1.004937 -0.086929 -0.564916
v 0.976670 -0.172543 -0.695063
v 1.009382 -0.096013 -0.739755
v 0.993053 -0.052450 -0.855728
v 1.132274 -0.327280 -0.008886
v 1.149148 -0.235404 -0.069875
v 1.189855 -0.080679 -0.080679
v 1.135273 -0.177195 -0.171183
v 1.147222 -0.080679 -0.190498
v 0.029328 -0.045017 -1.312537
v 0.080679 1.055880 -0.080679
v 0.080679 1.015355 -0.242038
v 0.080679 0.918061 -0.425463
v 0.080679 0.981121 -0.344784
v 0.080679 0.763604 -0.596276
v 0.080679 0.837382 -0.515597
v 0.147877 0.636557 -0.790079
v 0.088726 0.687037 -0.732221
v 0.127352 0.621350 -0.887471
v 0.046673 0.668018 -0.887471
v 0.077699 0.590352 -1.048130
v 0.021926 0.656196 -0.993877
v 0.136900 0.053358 -1.271551
v 0.130467 0.269283 -1.268618
v 0.078280 0.404616 -1.236536
v 0.080679 0.513329 -1.158960
v 0.242038 1.017548 -0.080679
v 0.292206 0.953540 -0.286864
v 0.239867 0.987124 -0.236662
v 0.297788 0.789303 -0.469257
v 0.241211 0.888567 -0.402091
v 0.184633 0.975724 -0.334925
v 0.305049 0.635144 -0.631897
v 0.247632 0.726849 -0.566225
v 0.190216 0.823594 -0.500554
v 0.247573 0.603408 -0.732221
v 0.197477 0.664395 -0.682506
v 0.302064 0.465467 -0.922563
v 0.245782 0.531098 -0.876254
v 0.311161 0.030826 -1.120148
v 0.312581 0.294534 -1.119089
v 0.273219 0.408367 -1.058714
v 0.187767 0.508625 -1.048829
v 0.236333 0.095878 -1.203489
v 0.237043 0.228122 -1.202023
v 0.195655 0.403396 -1.154641
v 0.163437 0.486257 -1.131481
v 0.426439 0.917918 -0.080679
v 0.345760 0.981981 -0.080679
v 0.480404 0.802026 -0.313601
v 0.405691 0.887128 -0.246447
v 0.330979 0.973116 -0.179292
v 0.417329 0.766144 -0.410641
v 0.372831 0.845968 -0.361685
v 0.403396 0.621524 -0.604292
v 0.403396 0.678878 -0.523613
v 0.403396 0.563208 -0.726113
v 0.403396 0.467855 -0.930765
v 0.403396 0.506438 -0.850086
v 0.403396 0.028523 -1.121747
v 0.403396 0.279577 -1.115782
v 0.403396 0.387176 -1.035103
v 0.403396 0.109202 -1.138608
v 0.403396 0.198898 -1.138608
v 0.593297 0.759422 -0.080679
v 0.512618 0.837239 -0.080679
v 0.630806 0.634302 -0.300605
v 0.563740 0.730606 -0.253317
v 0.496674 0.820716 -0.206029
v 0.602968 0.617532 -0.403396
v 0.522289 0.688420 -0.403396
v 0.555694 0.606375 -0.556099
v 0.495868 0.653729 -0.496543
v 0.564754 0.578026 -0.726113
v 0.503960 0.481056 -0.963891
v 0.560549 0.521130 -0.901051
v 0.491619 0.007204 -1.128521
v 0.564754 0.285135 -1.118268
v 0.560549 0.417720 -1.026857
v 0.611532 0.489112 -0.973410
v 0.553145 0.068866 -1.142598
v 0.564754 0.204456 -1.141725
v 0.783622 0.633101 -0.080679
v 0.702943 0.678743 -0.080679
v 0.725468 0.599402 -0.244906
v 0.671253 0.659185 -0.193032
v 0.726113 0.542732 -0.403396
v 0.726113 0.551964 -0.564754
v 0.726113 0.562168 -0.726113
v 0.766286 0.465233 -0.944925
v 0.717945 0.514895 -0.889672
v 0.767525 0.080679 -1.117122
v 0.729114 0.245710 -1.106229
v 0.717945 0.408226 -1.017061
v 0.658714 0.489112 -0.973410
v 0.686846 0.080679 -1.141210
v 0.677328 0.194373 -1.139584
v 0.887471 0.566980 -0.080679
v 0.918944 0.444347 -0.271555
v 0.874083 0.510446 -0.227476
v 0.896455 0.416504 -0.403396
v 0.815776 0.489954 -0.403396
v 0.915465 0.427683 -0.564754
v 0.834786 0.503916 -0.564754
v 0.927152 0.438789 -0.726113
v 0.846473 0.512546 -0.726113
v 0.964855 0.014329 -0.963300
v 0.954259 0.292677 -0.945742
v 0.892015 0.403088 -0.891548
v 0.829772 0.500591 -0.837353
v 0.901630 0.073141 -1.028157
v 0.895272 0.240149 -1.019050
v 0.846687 0.357661 -0.997728
v 1.114661 0.285964 -0.117526
v 1.066430 0.390337 -0.070516
v 0.981117 0.498633 -0.080679
v 1.106087 0.080679 -0.278782
v 1.088738 0.236122 -0.237880
v 0.999567 0.395695 -0.227476
v 0.969799 0.486043 -0.163983
v 1.057266 0.080679 -0.403396
v 1.029292 0.242038 -0.403396
v 0.978532 0.335825 -0.403396
v 1.051593 0.080679 -0.564754
v 1.029648 0.242038 -0.564754
v 0.985798 0.347004 -0.564754
v 1.061806 0.080679 -0.726113
v 1.041923 0.242038 -0.726113
v 0.993417 0.358109 -0.726113
v 1.006273 0.073141 -0.900697
v 0.998668 0.240149 -0.890162
v 0.980377 0.340943 -0.838170
v 0.975594 0.121901 -0.977105
v 0.975594 0.185104 -0.977105
v 1.189288 0.080679 -0.080679
v 1.149044 0.236122 -0.070516
v 1.132858 0.327845 -0.009954
v 1.147907 0.080679 -0.198102
v 1.136186 0.178392 -0.181322
v 0.082140 0.096558 -1.317374
v 0.078280 0.226113 -1.312431
v 0.022894 0.351643 -1.304300
v 0.161504 0.160931 -1.290993
v 0.161504 0.161710 -1.290993
vn -0.7535 -0.1116 0.6479
vn -0.8375 -0.3327 0.4334
vn -0.8552 -0.1984 0.4788
vn -0.8148 -0.5473 0.1914
vn -0.8763 -0.3954 0.2754
vn -0.9355 -0.2071 0.2863
vn -0.8214 -0.5656 0.0727
vn -0.9183 -0.3883 0.0774
vn -0.9712 -0.2245 0.0798
vn -0.8184 -0.5612 -0.1238
vn -0.9132 -0.3872 -0.1269
vn -0.9660 -0.2249 -0.1274
vn -0.5377 -0.5153 0.6673
vn -0.5809 -0.3929 0.7129
vn -0.6203 -0.2197 0.7530
vn -0.5485 -0.7150 0.4335
vn -0.5985 -0.5879 0.5443
vn -0.7147 -0.4289 0.5525
vn -0.7149 -0.3077 0.6278
vn -0.5935 -0.7689 0.2378
vn -0.7421 -0.6091 0.2798
vn -0.7688 -0.5119 0.3834
vn -0.6085 -0.7906 0.0691
vn -0.7391 -0.6699 0.0707
vn -0.6020 -0.7893 -0.1207
vn -0.7371 -0.6650 -0.1201
vn -0.3891 -0.3575 0.8490
vn -0.4436 -0.2239 0.8678
vn -0.3939 -0.5746 0.7173
vn -0.4377 -0.4192 0.7954
vn -0.5228 -0.2162 0.8246
vn -0.3451 -0.7958 0.4976
vn -0.3732 -0.6665 0.6454
vn -0.3513 -0.9029 0.2478
vn -0.3857 -0.9199 0.0711
vn -0.3893 -0.9135 -0.1180
vn -0.3630 -0.4344 0.8243
vn -0.4568 -0.2832 0.8433
vn -0.2629 -0.6207 0.7386
vn -0.3028 -0.5473 0.7802
vn -0.1939 -0.8464 0.4960
vn -0.2403 -0.7224 0.6484
vn -0.1904 -0.9352 0.2986
vn -0.2402 -0.9658 0.0976
vn -0.2504 -0.9607 0.1202
vn -0.2868 -0.9579 -0.0139
vn -0.3354 -0.9365 -0.1027
vn -0.5725 -0.5139 0.6389
vn -0.6442 -0.3665 0.6713
vn -0.3017 -0.7442 0.5959
vn -0.4516 -0.5775 0.6801
vn -0.5860 -0.3441 0.7336
vn -0.0268 -0.8006 0.5986
vn -0.1701 -0.7096 0.6838
vn -0.2836 -0.6086 0.7411
vn -0.0405 -0.8693 0.4927
vn -0.1422 -0.7545 0.6407
vn -0.0372 -0.9362 0.3496
vn -0.1836 -0.9595 0.2139
vn -0.1023 -0.9565 0.2731
vn -0.3143 -0.9481 0.0477
vn -0.3891 -0.9165 -0.0928
vn -0.3799 -0.5265 0.7606
vn -0.4265 -0.3449 0.8362
vn -0.3162 -0.8023 0.5064
vn -0.4388 -0.6190 0.6514
vn -0.5657 -0.3768 0.7335
vn -0.2772 -0.8426 0.4617
vn -0.4573 -0.7008 0.5474
vn 0.0485 -0.8235 0.5653
vn -0.0315 -0.8527 0.5214
vn 0.0930 -0.8719 0.4807
vn 0.1368 -0.8637 0.4851
vn -0.1176 -0.8686 0.4814
vn -0.0199 -0.8879 0.4596
vn -0.1793 -0.9260 0.3323
vn -0.1002 -0.9308 0.3515
vn -0.2620 -0.9477 0.1822
vn -0.1945 -0.5659 0.8012
vn -0.2100 -0.3348 0.9186
vn -0.1649 -0.8446 0.5093
vn -0.1941 -0.7074 0.6796
vn -0.0958 -0.9466 0.3080
vn 0.0113 -0.9454 0.3257
vn 0.1028 -0.8337 0.5426
vn 0.1151 -0.8865 0.4481
vn -0.0480 -0.8423 0.5369
vn 0.0265 -0.8079 0.5887
vn -0.0979 -0.9173 0.3861
vn -0.1224 -0.9673 0.2223
vn -0.1656 -0.9483 0.2707
vn 0.0502 -0.5838 0.8104
vn 0.0648 -0.3390 0.9385
vn 0.0647 -0.8606 0.5052
vn 0.0585 -0.7340 0.6766
vn 0.0740 -0.9625 0.2610
vn 0.0860 -0.9651 0.2474
vn 0.0669 -0.7964 0.6010
vn 0.0832 -0.8896 0.4491
vn 0.0409 -0.8241 0.5650
vn 0.0487 -0.7669 0.6399
vn 0.0493 -0.9143 0.4020
vn 0.0534 -0.9733 0.2233
vn 0.0970 -0.9527 0.2879
vn -0.9880 -0.0734 0.1359
vn -0.9657 0.2203 0.1375
vn -0.9840 -0.0724 -0.1626
vn -0.9593 0.2254 -0.1699
vn -0.7608 0.0064 0.6490
vn -0.8643 0.0750 0.4974
vn -0.8306 0.2596 0.4926
vn -0.7843 0.4180 0.4584
vn -0.9479 0.0333 0.3168
vn -0.9121 0.2644 0.3135
vn -0.8365 0.4495 0.3135
vn -0.9879 -0.0505 0.1466
vn -0.9341 0.3245 0.1491
vn -0.8792 0.4592 0.1272
vn -0.7969 0.6012 0.0593
vn -0.9810 -0.0432 -0.1891
vn -0.9258 0.3237 -0.1951
vn -0.8680 0.4636 -0.1780
vn -0.7911 0.6016 -0.1104
vn -0.6537 0.0668 0.7538
vn -0.6458 0.2782 0.7110
vn -0.6096 0.4183 0.6734
vn -0.7495 0.1815 0.6367
vn -0.7305 0.2754 0.6250
vn -0.6731 0.4972 0.5475
vn -0.6282 0.6140 0.4779
vn -0.7481 0.5702 0.3394
vn -0.6633 0.6661 0.3410
vn -0.5548 0.7998 0.2292
vn -0.7746 0.5815 0.2488
vn -0.7213 0.6807 0.1279
vn -0.5619 0.8238 0.0750
vn -0.7568 0.5817 -0.2982
vn -0.6857 0.6995 -0.2010
vn -0.5648 0.8209 -0.0844
vn -0.4856 -0.0065 0.8742
vn -0.5061 0.2552 0.8238
vn -0.4628 0.4410 0.7690
vn -0.5565 0.0307 0.8303
vn -0.5638 0.2700 0.7806
vn -0.4933 0.4928 0.7168
vn -0.4126 0.6188 0.6685
vn -0.5545 0.5570 0.6184
vn -0.4819 0.6772 0.5561
vn -0.3574 0.8228 0.4420
vn -0.5573 0.7200 0.4135
vn -0.3993 0.8729 0.2803
vn -0.3280 0.9420 0.0712
vn -0.5528 0.7793 -0.2953
vn -0.4008 0.9045 -0.1460
vn -0.6520 0.0143 0.7581
vn -0.6487 0.1325 0.7494
vn -0.5713 -0.0620 0.8184
vn -0.5453 0.2555 0.7983
vn -0.4496 0.5001 0.7401
vn -0.3774 0.6003 0.7052
vn -0.3059 0.6736 0.6729
vn -0.2534 0.7697 0.5860
vn -0.2029 0.8689 0.4516
vn -0.2127 0.9401 0.2664
vn -0.2929 0.9485 0.1206
vn -0.3606 0.9296 -0.0762
vn -0.6299 -0.0090 0.7766
vn -0.6280 0.1205 0.7688
vn -0.6888 -0.1090 0.7167
vn -0.6826 0.2481 0.6874
vn -0.6420 0.4558 0.6166
vn -0.6251 -0.1973 0.7552
vn -0.6108 0.3706 0.6997
vn -0.5630 0.5607 0.6071
vn -0.4840 0.7365 0.4726
vn -0.4292 0.6457 0.6315
vn -0.3273 0.7652 0.5544
vn -0.1832 0.8345 0.5196
vn -0.1536 0.8804 0.4486
vn -0.2245 0.9054 0.3604
vn -0.3830 0.8901 0.2468
vn -0.5302 0.8049 0.2664
vn -0.4826 0.8758 -0.0059
vn -0.5950 0.8004 0.0729
vn -0.4645 -0.1032 0.8795
vn -0.4755 0.2284 0.8496
vn -0.4163 0.4440 0.7934
vn -0.6079 -0.2247 0.7615
vn -0.6116 0.3729 0.6978
vn -0.5197 0.5572 0.6476
vn -0.3952 0.7555 0.5226
vn -0.5509 0.6406 0.5349
vn -0.3978 0.8083 0.4341
vn -0.2872 0.8736 0.3929
vn -0.2809 0.8721 0.4008
vn -0.2046 0.8655 0.4572
vn -0.2594 0.8512 0.4562
vn -0.3479 0.8085 0.4746
vn -0.4415 0.7369 0.5119
vn -0.4111 0.8219 0.3944
vn -0.4998 0.7827 0.3710
vn -0.4293 0.8658 0.2572
vn -0.5815 0.8070 0.1032
vn -0.4388 0.8939 0.0917
vn -0.2336 -0.0860 0.9685
vn -0.2124 0.2291 0.9500
vn -0.2049 0.4968 0.8433
vn -0.0969 0.6690 0.7369
vn -0.3320 0.6360 0.6966
vn -0.2025 0.8058 0.5565
vn -0.2016 0.8961 0.3954
vn -0.1202 0.9330 0.3391
vn -0.2899 0.8996 0.3265
vn -0.2168 0.8956 0.3884
vn -0.2847 0.7897 0.5434
vn -0.2801 0.7328 0.6201
vn -0.3985 0.7472 0.5319
vn -0.3540 0.7584 0.5473
vn -0.2403 0.8576 0.4547
vn -0.4266 0.7828 0.4530
vn -0.2924 0.9052 0.3085
vn -0.2550 0.9628 0.0898
vn 0.0897 -0.0792 0.9928
vn 0.0931 0.2487 0.9641
vn 0.0931 0.4920 0.8656
vn -0.0100 0.6729 0.7397
vn 0.2043 0.6501 0.7318
vn 0.0806 0.8237 0.5612
vn 0.0875 0.9063 0.4135
vn 0.0043 0.9356 0.3531
vn 0.1847 0.9070 0.3784
vn 0.0410 0.8978 0.4385
vn -0.0307 0.7892 0.6133
vn -0.0635 0.7433 0.6659
vn -0.0858 0.7840 0.6148
vn -0.0868 0.8827 0.4619
vn -0.0901 0.9598 0.2659
vn -0.1131 0.9869 0.1147
vn -0.8057 -0.5428 -0.2369
vn -0.8665 -0.4126 -0.2810
vn -0.9366 -0.2276 -0.2663
vn -0.8515 -0.3929 -0.3473
vn -0.9159 -0.2743 -0.2930
vn -0.9284 -0.2799 -0.2444
vn -0.8914 -0.2687 -0.3649
vn -0.5782 -0.7708 -0.2675
vn -0.6885 -0.6469 -0.3278
vn -0.7713 -0.5247 -0.3602
vn -0.6154 -0.6329 -0.4698
vn -0.7329 -0.5590 -0.3877
vn -0.8441 -0.4335 -0.3155
vn -0.7100 -0.6198 -0.3343
vn -0.8415 -0.4442 -0.3076
vn -0.6846 -0.6014 -0.4119
vn -0.7816 -0.3858 -0.4902
vn -0.7126 -0.2815 -0.6427
vn -0.4310 -0.8420 -0.3245
vn -0.5194 -0.7334 -0.4386
vn -0.4259 -0.7872 -0.4460
vn -0.5146 -0.7199 -0.4658
vn -0.5819 -0.7051 -0.4054
vn -0.4959 -0.7716 -0.3983
vn -0.5481 -0.7533 -0.3635
vn -0.4740 -0.7774 -0.4135
vn -0.5256 -0.7128 -0.4644
vn -0.6312 -0.5184 -0.5769
vn -0.5080 -0.6335 -0.5836
vn -0.6412 -0.4270 -0.6376
vn -0.7451 -0.3714 -0.5540
vn -0.4112 -0.8823 -0.2291
vn -0.5205 -0.7735 -0.3616
vn -0.5311 -0.7243 -0.4397
vn -0.5971 -0.7104 -0.3725
vn -0.5568 -0.7167 -0.4199
vn -0.4984 -0.7316 -0.4652
vn -0.4402 -0.7643 -0.4712
vn -0.5134 -0.7445 -0.4267
vn -0.5641 -0.6981 -0.4410
vn -0.6533 -0.5389 -0.5318
vn -0.7254 -0.6166 -0.3059
vn -0.7945 -0.4397 -0.4189
vn -0.7598 -0.5922 -0.2682
vn -0.8318 -0.3866 -0.3983
vn -0.7582 -0.2542 -0.6004
vn -0.4493 -0.8925 -0.0394
vn -0.4790 -0.8680 -0.1310
vn -0.4981 -0.8452 -0.1936
vn -0.5711 -0.7801 -0.2555
vn -0.4868 -0.7968 -0.3579
vn -0.5385 -0.7144 -0.4468
vn -0.5429 -0.6870 -0.4829
vn -0.4672 -0.6814 -0.5634
vn -0.4932 -0.7067 -0.5073
vn -0.5206 -0.7853 -0.3351
vn -0.6124 -0.7414 -0.2746
vn -0.5216 -0.8207 -0.2332
vn -0.6545 -0.7115 -0.2559
vn -0.4942 -0.8087 -0.3189
vn -0.5950 -0.6813 -0.4264
vn -0.6719 -0.5249 -0.5225
vn -0.4583 -0.6031 -0.6528
vn -0.5603 -0.3949 -0.7281
vn -0.3212 -0.9469 0.0129
vn -0.3201 -0.9304 -0.1786
vn -0.3373 -0.8481 -0.4087
vn -0.4443 -0.7194 -0.5339
vn -0.2894 -0.7870 -0.5449
vn -0.3900 -0.7250 -0.5676
vn -0.4570 -0.7354 -0.5003
vn -0.3361 -0.7624 -0.5529
vn -0.3623 -0.8400 -0.4039
vn -0.2746 -0.9275 -0.2535
vn -0.2989 -0.8735 -0.3843
vn -0.4346 -0.7187 -0.5428
vn -0.2321 -0.7872 -0.5714
vn -0.3280 -0.6353 -0.6991
vn -0.4163 -0.4822 -0.7708
vn -0.1646 -0.9859 0.0289
vn -0.2836 -0.9584 0.0310
vn -0.1301 -0.9752 -0.1788
vn -0.1855 -0.9564 -0.2256
vn -0.1490 -0.9164 -0.3715
vn -0.1595 -0.8201 -0.5496
vn -0.1651 -0.7689 -0.6177
vn -0.1369 -0.7796 -0.6111
vn -0.0832 -0.8810 -0.4657
vn -0.0432 -0.9554 -0.2922
vn -0.0335 -0.9463 -0.3215
vn -0.0362 -0.8105 -0.5846
vn -0.0376 -0.6701 -0.7413
vn 0.1103 -0.9935 0.0294
vn 0.2087 -0.9775 0.0308
vn 0.0687 -0.9811 -0.1811
vn 0.1106 -0.9653 -0.2367
vn 0.0571 -0.9294 -0.3645
vn 0.0536 -0.8271 -0.5595
vn 0.0764 -0.7576 -0.6482
vn 0.1119 -0.7494 -0.6526
vn 0.1516 -0.8415 -0.5185
vn 0.1768 -0.9321 -0.3161
vn 0.2300 -0.8960 -0.3800
vn 0.3845 -0.7388 -0.5535
vn 0.1553 -0.7992 -0.5807
vn 0.2686 -0.6573 -0.7042
vn 0.3625 -0.5243 -0.7705
vn -0.4621 -0.2859 -0.8395
vn -0.2153 -0.5211 -0.8259
vn -0.2949 -0.3543 -0.8874
vn -0.0391 -0.5374 -0.8424
vn -0.0453 -0.3160 -0.9477
vn 0.1102 -0.5466 -0.8301
vn 0.2087 -0.3633 -0.9080
vn -0.9631 0.0251 -0.2679
vn -0.9288 0.2759 -0.2475
vn -0.8578 0.4545 -0.2402
vn -0.9698 -0.0004 -0.2439
vn -0.9541 0.2350 -0.1858
vn -0.8735 0.4574 -0.1668
vn -0.9836 -0.0366 -0.1764
vn -0.9388 0.2613 -0.2243
vn -0.8727 0.4569 -0.1720
vn -0.9206 -0.0538 -0.3867
vn -0.9089 0.1625 -0.3841
vn -0.7658 0.5890 -0.2581
vn -0.6599 0.6916 -0.2938
vn -0.7708 0.6109 -0.1810
vn -0.6367 0.7433 -0.2052
vn -0.8289 0.4457 -0.3381
vn -0.7606 0.5891 -0.2728
vn -0.6217 0.7627 -0.1784
vn -0.8071 -0.0480 -0.5884
vn -0.8111 0.2961 -0.5045
vn -0.7196 0.5139 -0.4670
vn -0.7508 -0.0492 -0.6587
vn -0.7404 0.2460 -0.6255
vn -0.6808 0.4612 -0.5691
vn -0.4874 0.8111 -0.3235
vn -0.3817 0.8780 -0.2889
vn -0.4486 0.8549 -0.2606
vn -0.6051 0.7166 -0.3470
vn -0.4388 0.8635 -0.2488
vn -0.5563 0.7008 -0.4466
vn -0.3841 0.8596 -0.3369
vn -0.7489 -0.0911 -0.6564
vn -0.7413 0.2552 -0.6208
vn -0.6696 0.5206 -0.5298
vn -0.8523 -0.1445 -0.5026
vn -0.8469 0.2549 -0.4667
vn -0.7647 0.4489 -0.4624
vn -0.8804 -0.0344 -0.4730
vn -0.8761 0.1320 -0.4637
vn -0.3925 0.8500 -0.3513
vn -0.4044 0.8694 -0.2838
vn -0.3648 0.8774 -0.3116
vn -0.4198 0.8428 -0.3368
vn -0.3610 0.8941 -0.2649
vn -0.4395 0.8347 -0.3318
vn -0.5441 0.7451 -0.3856
vn -0.4310 0.8711 -0.2356
vn -0.6752 0.6359 -0.3739
vn -0.6157 0.7664 -0.1834
vn -0.8489 -0.2941 -0.4393
vn -0.8409 0.3547 -0.4087
vn -0.8009 0.4754 -0.3641
vn -0.7194 0.6469 -0.2528
vn -0.8641 -0.1314 -0.4858
vn -0.8511 0.2107 -0.4808
vn -0.7970 0.4336 -0.4205
vn -0.7404 0.5825 -0.3354
vn -0.7803 -0.0840 -0.6198
vn -0.7741 0.1710 -0.6096
vn -0.7440 0.3418 -0.5742
vn -0.5411 0.8086 -0.2310
vn -0.6281 0.7534 -0.1949
vn -0.5594 0.7519 -0.3489
vn -0.6233 0.7159 -0.3147
vn -0.4360 0.8622 -0.2578
vn -0.5100 0.7955 -0.3274
vn -0.4702 0.8721 -0.1357
vn -0.4805 0.8641 -0.1497
vn -0.5388 0.8415 -0.0382
vn -0.4432 0.8964 0.0054
vn -0.6341 0.7546 -0.1689
vn -0.4719 0.8759 -0.1007
vn -0.6724 0.5384 -0.5080
vn -0.6051 0.6652 -0.4374
vn -0.4707 0.8247 -0.3136
vn -0.6410 -0.0932 -0.7618
vn -0.6490 0.1665 -0.7424
vn -0.5852 0.4404 -0.6809
vn -0.5130 0.6017 -0.6121
vn -0.6094 0.7778 -0.1539
vn -0.4513 0.8864 -0.1036
vn -0.5836 0.7150 -0.3850
vn -0.5747 0.7299 -0.3701
vn -0.4558 0.8488 -0.2679
vn -0.5037 0.7598 -0.4110
vn -0.5202 0.7090 -0.4762
vn -0.4091 0.8827 -0.2314
vn -0.3139 0.9486 -0.0409
vn -0.2357 0.9673 -0.0937
vn -0.4567 0.7091 -0.5372
vn -0.2905 0.8853 -0.3630
vn -0.4449 0.5161 -0.7319
vn -0.3352 0.6563 -0.6760
vn -0.2140 0.8106 -0.5451
vn -0.2550 0.9628 -0.0898
vn -0.4544 0.7694 -0.4490
vn -0.3009 0.9017 -0.3106
vn -0.4362 0.7605 -0.4810
vn -0.3704 0.7637 -0.5287
vn -0.2385 0.8593 -0.4525
vn -0.2801 0.8719 -0.4017
vn -0.2722 0.7596 -0.5907
vn -0.1362 0.9813 -0.1362
vn -0.0597 0.9871 -0.1489
vn -0.0232 0.9634 -0.2671
vn 0.1117 0.5570 -0.8230
vn 0.0107 0.6630 -0.7485
vn -0.0142 0.8336 -0.5521
vn -0.1131 0.9869 -0.1147
vn -0.0901 0.9598 -0.2659
vn -0.0832 0.7912 -0.6059
vn -0.0858 0.8832 -0.4612
vn 0.0129 0.8646 -0.5023
vn -0.0560 0.7649 -0.6417
vn 0.1103 0.9641 -0.2416
vn 0.1723 0.9673 -0.1860
vn 0.3719 0.7671 -0.5227
vn 0.2297 0.9052 -0.3575
vn 0.2504 0.5484 -0.7979
vn 0.2668 0.6790 -0.6839
vn 0.1571 0.8200 -0.5504
vn -0.4963 -0.1049 -0.8618
vn -0.5042 0.1536 -0.8498
vn -0.4777 0.3389 -0.8105
vn -0.2757 -0.1139 -0.9545
vn -0.2694 0.1530 -0.9508
vn -0.3001 0.3887 -0.8711
vn -0.2081 0.5439 -0.8129
vn -0.0469 -0.1199 -0.9917
vn -0.0359 0.1751 -0.9839
vn 0.0005 0.3858 -0.9226
vn -0.0632 0.5510 -0.8321
vn 0.2005 -0.1014 -0.9744
vn 0.2036 0.1695 -0.9643
vn 0.2183 0.3835 -0.8974
vn 0.2941 -0.5617 0.7733
vn 0.3895 -0.3458 0.8536
vn 0.2768 -0.8309 0.4827
vn 0.4113 -0.6727 0.6151
vn 0.5509 -0.4798 0.6829
vn 0.2871 -0.8987 0.3315
vn 0.4648 -0.7494 0.4715
vn 0.1152 -0.9404 0.3200
vn -0.0356 -0.7925 0.6088
vn -0.0032 -0.8609 0.5088
vn 0.1295 -0.8228 0.5534
vn 0.0249 -0.8143 0.5799
vn 0.1583 -0.9023 0.4009
vn 0.0746 -0.8722 0.4834
vn 0.2146 -0.9515 0.2203
vn 0.5836 -0.2662 0.7671
vn 0.5769 -0.5763 0.5788
vn 0.6453 -0.3814 0.6619
vn 0.3252 -0.8499 0.4146
vn 0.4745 -0.6576 0.5852
vn 0.5901 -0.4602 0.6633
vn 0.1017 -0.8265 0.5537
vn 0.2748 -0.6996 0.6596
vn -0.1787 -0.7823 0.5968
vn -0.1157 -0.7917 0.5999
vn -0.1369 -0.9415 0.3080
vn -0.1469 -0.8775 0.4565
vn 0.0182 -0.9541 0.2989
vn -0.0172 -0.9014 0.4326
vn 0.1530 -0.9792 0.1330
vn 0.6816 -0.2588 0.6844
vn 0.3406 -0.4981 0.7974
vn 0.5247 -0.3052 0.7947
vn -0.0072 -0.6494 0.7604
vn 0.1772 -0.5849 0.7915
vn -0.1516 -0.7788 0.6086
vn -0.1187 -0.7130 0.6910
vn -0.1078 -0.9548 0.2771
vn -0.1393 -0.8877 0.4388
vn -0.0621 -0.9813 0.1821
vn 0.0175 -0.9997 0.0180
vn 0.1695 -0.3588 0.9179
vn 0.2678 -0.1602 0.9501
vn 0.0513 -0.6716 0.7391
vn 0.0376 -0.5521 0.8329
vn 0.1140 -0.4796 0.8701
vn 0.0272 -0.7894 0.6132
vn -0.0682 -0.6775 0.7323
vn 0.0497 -0.9600 0.2754
vn 0.0648 -0.8860 0.4592
vn 0.0595 -0.9885 0.1391
vn 0.0844 -0.9952 -0.0492
vn 0.1979 -0.2724 0.9416
vn 0.2566 -0.0778 0.9634
vn 0.1918 -0.6640 0.7227
vn 0.2958 -0.5234 0.7991
vn 0.3019 -0.3675 0.8797
vn 0.4034 -0.0882 0.9108
vn 0.3123 -0.7532 0.5790
vn 0.4242 -0.6219 0.6583
vn 0.1639 -0.9505 0.2638
vn 0.3083 -0.8579 0.4111
vn 0.2373 -0.9651 0.1103
vn 0.4000 -0.8840 0.2419
vn 0.2425 -0.9683 -0.0602
vn 0.3972 -0.8981 -0.1886
vn 0.4583 -0.4830 0.7461
vn 0.5130 -0.3449 0.7860
vn 0.4966 -0.1079 0.8612
vn 0.4656 -0.7058 0.5338
vn 0.5345 -0.5776 0.6170
vn 0.5943 -0.4172 0.6876
vn 0.5404 -0.7365 0.4068
vn 0.5985 -0.6559 0.4601
vn 0.3857 -0.9222 0.0276
vn 0.5290 -0.8330 0.1619
vn 0.3834 -0.9236 0.0065
vn 0.5211 -0.8486 -0.0920
vn 0.6514 -0.2621 0.7120
vn 0.6689 -0.1177 0.7339
vn 0.6874 -0.4926 0.5337
vn 0.7262 -0.3398 0.5977
vn 0.7868 -0.1427 0.6006
vn 0.6546 -0.6848 0.3202
vn 0.7247 -0.5641 0.3956
vn 0.8330 -0.3617 0.4186
vn 0.8344 -0.2413 0.4955
vn 0.6780 -0.7142 0.1736
vn 0.7900 -0.5761 0.2097
vn 0.8304 -0.4509 0.3274
vn 0.6858 -0.7237 -0.0774
vn 0.7811 -0.6188 -0.0838
vn 0.8501 -0.0637 0.5228
vn 0.8992 -0.2753 0.3400
vn 0.9175 -0.1336 0.3746
vn 0.8607 -0.4958 0.1159
vn 0.9234 -0.3286 0.1983
vn 0.9793 -0.1097 0.1698
vn 0.8631 -0.4973 -0.0877
vn 0.9498 -0.3022 -0.0815
vn 0.9915 -0.1051 -0.0770
vn 0.3610 -0.0639 0.9304
vn 0.3442 0.2239 0.9118
vn 0.3559 0.4526 0.8176
vn 0.3825 0.5932 0.7084
vn 0.3380 0.7682 0.5438
vn 0.3104 0.8711 0.3806
vn 0.3086 0.8514 0.4241
vn 0.2458 0.8063 0.5380
vn 0.1801 0.7473 0.6396
vn 0.1400 0.7182 0.6816
vn 0.1120 0.7580 0.6426
vn 0.0821 0.8779 0.4717
vn 0.0822 0.9620 0.2603
vn 0.1074 0.9875 0.1155
vn 0.5950 -0.0667 0.8009
vn 0.5807 0.2128 0.7858
vn 0.5416 0.4163 0.7303
vn 0.7186 -0.0729 0.6916
vn 0.7080 0.2263 0.6690
vn 0.6361 0.4939 0.5927
vn 0.5577 0.6607 0.5024
vn 0.6708 0.5945 0.4433
vn 0.5751 0.7210 0.3866
vn 0.5975 0.6252 0.5021
vn 0.4826 0.7056 0.5189
vn 0.3715 0.7275 0.5769
vn 0.4285 0.6590 0.6182
vn 0.3572 0.6713 0.6494
vn 0.2787 0.6820 0.6762
vn 0.4038 0.6469 0.6469
vn 0.3437 0.7197 0.6032
vn 0.2311 0.8511 0.4714
vn 0.4469 0.7839 0.4310
vn 0.3024 0.9070 0.2929
vn 0.2626 0.9602 0.0956
vn 0.7340 -0.0484 0.6774
vn 0.7367 0.2470 0.6295
vn 0.7004 0.4525 0.5519
vn 0.6065 0.0195 0.7948
vn 0.6368 0.3562 0.6838
vn 0.6711 0.5295 0.5189
vn 0.4750 0.5063 0.7197
vn 0.4903 0.5902 0.6414
vn 0.4065 0.6402 0.6518
vn 0.3588 0.6479 0.6720
vn 0.3581 0.6653 0.6551
vn 0.4404 0.6965 0.5666
vn 0.4681 0.6967 0.5436
vn 0.5529 0.7404 0.3824
vn 0.5690 0.7533 0.3297
vn 0.4683 0.8541 0.2263
vn 0.6507 0.7528 0.0994
vn 0.4828 0.8709 0.0922
vn 0.3505 0.1168 0.9292
vn 0.4126 0.3432 0.8438
vn 0.2900 0.2584 0.9215
vn 0.3043 0.4255 0.8523
vn 0.2297 0.5812 0.7807
vn 0.2520 0.6478 0.7189
vn 0.1501 0.6523 0.7430
vn 0.2363 0.6892 0.6850
vn 0.2753 0.7201 0.6370
vn 0.2858 0.7999 0.5276
vn 0.3819 0.8009 0.4612
vn 0.5458 0.7982 0.2551
vn 0.6402 0.7429 0.1958
vn 0.5923 0.8043 0.0483
vn 0.6678 0.7390 0.0890
vn 0.2744 0.0760 0.9586
vn 0.3589 0.1669 0.9183
vn 0.3129 0.3502 0.8829
vn 0.2824 0.5263 0.8020
vn 0.2922 0.6389 0.7117
vn 0.3235 0.7154 0.6193
vn 0.3672 0.8427 0.3936
vn 0.3596 0.8871 0.2893
vn 0.4000 0.8822 0.2485
vn 0.3949 0.8997 0.1863
vn 0.4914 0.8595 -0.1407
vn 0.4620 0.8866 -0.0220
vn 0.4757 0.1335 0.8694
vn 0.4906 0.3306 0.8062
vn 0.4347 0.4818 0.7609
vn 0.5864 0.4088 0.6993
vn 0.5105 0.5664 0.6470
vn 0.4210 0.7086 0.5662
vn 0.5972 0.6513 0.4681
vn 0.5185 0.7686 0.3746
vn 0.5379 0.8285 0.1558
vn 0.4409 0.8936 0.0844
vn 0.5670 0.8204 -0.0737
vn 0.4621 0.8868 -0.0003
vn 0.6549 0.1055 0.7483
vn 0.6220 0.2649 0.7368
vn 0.7495 0.0787 0.6573
vn 0.7189 0.3378 0.6075
vn 0.6866 0.4703 0.5544
vn 0.8239 0.4330 0.3656
vn 0.7429 0.5601 0.3666
vn 0.6685 0.6977 0.2574
vn 0.8458 0.4538 0.2805
vn 0.7909 0.5866 0.1744
vn 0.6850 0.7164 0.1328
vn 0.7667 0.6389 -0.0630
vn 0.6904 0.7212 -0.0565
vn 0.8527 0.0677 0.5181
vn 0.8292 0.2599 0.4949
vn 0.9493 0.0954 0.2995
vn 0.8941 0.3107 0.3227
vn 0.9794 0.1351 0.1502
vn 0.9341 0.3148 0.1684
vn 0.8666 0.4863 0.1114
vn 0.9877 0.1412 -0.0676
vn 0.9601 0.2723 -0.0641
vn 0.8696 0.4888 -0.0702
vn 0.2676 -0.9634 0.0165
vn 0.2678 -0.9446 -0.1896
vn 0.2959 -0.8682 -0.3983
vn 0.4408 -0.7161 -0.5412
vn 0.2545 -0.7925 -0.5543
vn 0.3647 -0.7014 -0.6124
vn 0.4130 -0.6927 -0.5913
vn 0.2974 -0.7005 -0.6487
vn 0.3469 -0.7586 -0.5515
vn 0.3816 -0.8556 -0.3497
vn 0.4990 -0.7883 -0.3600
vn 0.3933 -0.8569 -0.3332
vn 0.4845 -0.7338 -0.4762
vn 0.4918 -0.5951 -0.6356
vn 0.5204 -0.4135 -0.7472
vn 0.2544 -0.9664 -0.0375
vn 0.3424 -0.9044 -0.2546
vn 0.4175 -0.7910 -0.4473
vn 0.4039 -0.8304 -0.3837
vn 0.4597 -0.7179 -0.5228
vn 0.4586 -0.6835 -0.5679
vn 0.3727 -0.7603 -0.5321
vn 0.3060 -0.8007 -0.5150
vn 0.1506 -0.8598 -0.4878
vn 0.4067 -0.8158 -0.4112
vn 0.2874 -0.8526 -0.4364
vn 0.4048 -0.6780 -0.6136
vn 0.3807 -0.4475 -0.8092
vn 0.5660 -0.5497 -0.6144
vn 0.6018 -0.3963 -0.6933
vn 0.1246 -0.9822 -0.1406
vn 0.2211 -0.9274 -0.3017
vn 0.2893 -0.8273 -0.4815
vn 0.3307 -0.7389 -0.5872
vn 0.2279 -0.7965 -0.5601
vn 0.4209 -0.7220 -0.5492
vn 0.2404 -0.8580 -0.4539
vn 0.0310 -0.9127 -0.4075
vn -0.0388 -0.8834 -0.4669
vn -0.1552 -0.9275 -0.3401
vn -0.1087 -0.8733 -0.4748
vn -0.0514 -0.6929 -0.7192
vn -0.0455 -0.4595 -0.8870
vn 0.1073 -0.9645 -0.2411
vn 0.1770 -0.9053 -0.3862
vn 0.1256 -0.9309 -0.3429
vn 0.1743 -0.8629 -0.4744
vn 0.1774 -0.7630 -0.6216
vn 0.1740 -0.8042 -0.5683
vn 0.1352 -0.9320 -0.3364
vn 0.0497 -0.9757 -0.2134
vn -0.0307 -0.9492 -0.3133
vn -0.0474 -0.8512 -0.5226
vn -0.0394 -0.6781 -0.7339
vn -0.0638 -0.4517 -0.8899
vn -0.0082 -0.2937 -0.9559
vn 0.1828 -0.9625 -0.2005
vn 0.3150 -0.8925 -0.3228
vn 0.3410 -0.7946 -0.5023
vn 0.4741 -0.6706 -0.5706
vn 0.2639 -0.7497 -0.6069
vn 0.4110 -0.7385 -0.5344
vn 0.5956 -0.7313 -0.3324
vn 0.3321 -0.9129 -0.2373
vn 0.5650 -0.8155 -0.1252
vn 0.2253 -0.9601 -0.1658
vn 0.4900 -0.8575 -0.1568
vn 0.1609 -0.9438 -0.2885
vn 0.3196 -0.8392 -0.4400
vn 0.2668 -0.6515 -0.7102
vn 0.3001 -0.4072 -0.8626
vn 0.1619 -0.2984 -0.9406
vn 0.5459 -0.7687 -0.3333
vn 0.6418 -0.6465 -0.4124
vn 0.4850 -0.7370 -0.4708
vn 0.5836 -0.6186 -0.5261
vn 0.6556 -0.5212 -0.5463
vn 0.5363 -0.6138 -0.5793
vn 0.6908 -0.5770 -0.4357
vn 0.8096 -0.5322 -0.2477
vn 0.7163 -0.6974 -0.0237
vn 0.8139 -0.5805 0.0233
vn 0.6477 -0.7424 -0.1712
vn 0.7587 -0.5742 -0.3077
vn 0.5752 -0.6909 -0.4379
vn 0.7502 -0.4502 -0.4842
vn 0.5067 -0.5857 -0.6327
vn 0.5591 -0.3952 -0.7289
vn 0.6735 -0.6948 -0.2523
vn 0.7557 -0.5676 -0.3266
vn 0.8115 -0.4423 -0.3820
vn 0.7138 -0.5311 -0.4566
vn 0.7829 -0.3941 -0.4814
vn 0.8538 -0.1788 -0.4890
vn 0.7668 -0.3774 -0.5192
vn 0.8881 -0.3300 -0.3201
vn 0.7988 -0.5927 0.1030
vn 0.9112 -0.4089 0.0495
vn 0.7965 -0.6037 -0.0347
vn 0.9186 -0.3723 -0.1321
vn 0.8898 -0.3049 -0.3397
vn 0.8452 -0.4744 -0.2463
vn 0.8944 -0.3358 -0.2955
vn 0.9570 -0.1138 -0.2670
vn 0.8610 -0.2810 -0.4240
vn 0.8903 -0.1356 -0.4347
vn 0.4159 -0.2892 -0.8622
vn 0.1074 0.9875 -0.1155
vn 0.0822 0.9620 -0.2603
vn 0.1143 0.7634 -0.6358
vn 0.0821 0.8779 -0.4717
vn 0.2034 0.7939 -0.5731
vn 0.1463 0.7349 -0.6623
vn 0.4894 0.8103 -0.3224
vn 0.3318 0.8765 -0.3487
vn 0.5395 0.7914 -0.2875
vn 0.4017 0.8873 -0.2265
vn 0.4859 0.7687 -0.4159
vn 0.4013 0.8623 -0.3089
vn 0.5788 -0.2933 -0.7609
vn 0.5399 0.3370 -0.7713
vn 0.4569 0.4559 -0.7638
vn 0.4349 0.6349 -0.6386
vn 0.2626 0.9602 -0.0956
vn 0.4469 0.7839 -0.4310
vn 0.3024 0.9070 -0.2929
vn 0.4050 0.6657 -0.6267
vn 0.3461 0.7223 -0.5987
vn 0.2311 0.8511 -0.4714
vn 0.3415 0.7844 -0.5178
vn 0.3563 0.7178 -0.5982
vn 0.2854 0.6971 -0.6577
vn 0.3760 0.8225 -0.4268
vn 0.3970 0.7803 -0.4832
vn 0.3140 0.8022 -0.5078
vn 0.4443 0.7994 -0.4043
vn 0.3125 -0.4088 -0.8574
vn 0.3734 0.4826 -0.7923
vn 0.4788 0.6426 -0.5982
vn 0.6076 0.6884 -0.3961
vn 0.5439 -0.2135 -0.8115
vn 0.5369 0.2486 -0.8062
vn 0.5920 0.4487 -0.6695
vn 0.5619 0.5978 -0.5717
vn 0.6514 0.7521 -0.1002
vn 0.4828 0.8709 -0.0922
vn 0.6225 0.6763 -0.3939
vn 0.5800 0.7442 -0.3313
vn 0.4683 0.8541 -0.2263
vn 0.4917 0.6780 -0.5464
vn 0.4727 0.6933 -0.5440
vn 0.2261 0.8619 -0.4539
vn 0.3726 0.7410 -0.5586
vn 0.0922 0.9226 -0.3746
vn -0.0540 0.8359 -0.5463
vn -0.0036 0.8934 -0.4492
vn 0.0024 -0.3542 -0.9352
vn 0.1070 0.4717 -0.8753
vn 0.0185 0.6907 -0.7229
vn 0.1290 -0.1551 -0.9794
vn 0.1613 0.1827 -0.9698
vn 0.6364 0.7578 -0.1443
vn 0.6830 0.7224 -0.1081
vn 0.5779 0.7438 -0.3359
vn 0.6522 0.6898 -0.3144
vn 0.6797 0.7019 -0.2128
vn 0.5255 0.8149 -0.2444
vn 0.5825 0.7014 -0.4107
vn 0.2940 0.9274 -0.2314
vn 0.4327 0.7866 -0.4405
vn 0.0503 0.9683 -0.2446
vn -0.1786 0.7961 -0.5782
vn -0.0689 0.9105 -0.4076
vn -0.1327 -0.2837 -0.9497
vn 0.0440 0.4451 -0.8944
vn -0.0222 0.6265 -0.7791
vn 0.0031 0.7784 -0.6278
vn -0.0368 -0.0896 -0.9953
vn 0.0213 0.1701 -0.9852
vn 0.5010 0.8295 -0.2467
vn 0.5281 0.8249 -0.2017
vn 0.5203 0.7916 -0.3205
vn 0.5687 0.7570 -0.3217
vn 0.4688 0.8730 -0.1344
vn 0.3637 0.9314 0.0112
vn 0.2486 0.9602 -0.1271
vn 0.4151 0.7020 -0.5787
vn 0.2481 0.8785 -0.4082
vn 0.4505 -0.0612 -0.8907
vn 0.3151 0.3178 -0.8942
vn 0.2777 0.5757 -0.7690
vn 0.1398 0.7683 -0.6247
vn 0.2094 -0.0468 -0.9767
vn 0.1772 0.1713 -0.9691
vn 0.5393 0.8063 -0.2430
vn 0.6333 0.6808 -0.3679
vn 0.5547 0.7549 -0.3500
vn 0.6911 0.7177 -0.0854
vn 0.5843 0.8069 -0.0865
vn 0.7099 0.6962 0.1063
vn 0.5558 0.8255 0.0982
vn 0.7223 0.6871 -0.0785
vn 0.5447 0.8348 -0.0802
vn 0.7522 -0.2851 -0.5941
vn 0.7104 0.4439 -0.5462
vn 0.6305 0.6314 -0.4515
vn 0.5012 0.7987 -0.3329
vn 0.5891 -0.1176 -0.7994
vn 0.5580 0.2850 -0.7794
vn 0.4810 0.5178 -0.7075
vn 0.8378 0.4371 -0.3272
vn 0.7954 0.5501 -0.2545
vn 0.6752 0.7026 -0.2247
vn 0.8988 0.0493 -0.4356
vn 0.8695 0.3506 -0.3478
vn 0.7431 0.5730 -0.3455
vn 0.6435 0.6773 -0.3566
vn 0.9743 -0.0124 -0.2251
vn 0.9339 0.3231 -0.1531
vn 0.8054 0.5824 -0.1102
vn 0.9979 -0.0635 0.0123
vn 0.9599 0.2774 0.0402
vn 0.8370 0.5418 0.0768
vn 0.9921 -0.0721 -0.1030
vn 0.9676 0.2362 -0.0895
vn 0.8462 0.5273 -0.0767
vn 0.9166 -0.1106 -0.3842
vn 0.8909 0.2620 -0.3711
vn 0.8128 0.5045 -0.2913
vn 0.7802 -0.0193 -0.6253
vn 0.7743 0.1349 -0.6183
vn 0.9615 0.1202 -0.2470
vn 0.9143 0.3180 -0.2509
vn 0.8583 0.4641 -0.2188
vn 0.9085 0.0921 -0.4076
vn 0.8964 0.2602 -0.3589
vn 0.4202 -0.1339 -0.8975
vn 0.4028 0.2013 -0.8929
vn 0.3812 0.3644 -0.8497
vn 0.5525 -0.0672 -0.8308
vn 0.5427 0.1170 -0.8318
vt 0.088951 0.447667
vt 0.093320 0.403630
vt 0.106197 0.417735
vt 0.109901 0.452853
vt 0.071963 0.403716
vt 0.074340 0.373660
vt 0.089206 0.380118
vt 0.069813 0.445675
vt 0.052036 0.400146
vt 0.053289 0.370116
vt 0.050765 0.443542
vt 0.115592 0.405387
vt 0.120173 0.366544
vt 0.132255 0.385843
vt 0.131599 0.408032
vt 0.118767 0.442406
vt 0.128730 0.453857
vt 0.119126 0.469174
vt 0.098949 0.362902
vt 0.104428 0.329740
vt 0.115509 0.336913
vt 0.102332 0.388850
vt 0.077410 0.347691
vt 0.081421 0.318363
vt 0.054952 0.343066
vt 0.057163 0.311972
vt 0.149251 0.408849
vt 0.141905 0.376354
vt 0.147211 0.450989
vt 0.160159 0.425114
vt 0.157719 0.451088
vt 0.134055 0.350708
vt 0.125254 0.326374
vt 0.111670 0.307747
vt 0.087963 0.288449
vt 0.060678 0.280791
vt 0.173971 0.451742
vt 0.170924 0.416662
vt 0.168114 0.392684
vt 0.161691 0.358861
vt 0.154736 0.330989
vt 0.146152 0.306958
vt 0.127131 0.273934
vt 0.101852 0.248660
vt 0.066910 0.235182
vt 0.082126 0.220876
vt 0.097535 0.227535
vt 0.189684 0.453559
vt 0.193461 0.403856
vt 0.206487 0.426792
vt 0.203485 0.456693
vt 0.181081 0.382755
vt 0.181513 0.346316
vt 0.196760 0.374522
vt 0.166589 0.321907
vt 0.168595 0.296370
vt 0.181850 0.312394
vt 0.148096 0.246937
vt 0.130578 0.223806
vt 0.114029 0.207537
vt 0.076436 0.191821
vt 0.057087 0.210337
vt 0.217096 0.459958
vt 0.223013 0.417353
vt 0.232286 0.439078
vt 0.228080 0.462274
vt 0.211919 0.393001
vt 0.216418 0.374145
vt 0.228349 0.387274
vt 0.206188 0.328056
vt 0.193223 0.306723
vt 0.196040 0.281100
vt 0.210271 0.300008
vt 0.174851 0.221482
vt 0.149738 0.207198
vt 0.149471 0.176543
vt 0.177480 0.191178
vt 0.100446 0.134886
vt 0.244189 0.465023
vt 0.243953 0.435874
vt 0.243060 0.410761
vt 0.241853 0.385456
vt 0.239378 0.362539
vt 0.234334 0.326767
vt 0.229760 0.294041
vt 0.225736 0.261993
vt 0.218186 0.212608
vt 0.210794 0.176344
vt 0.196817 0.138944
vt 0.148914 0.081441
vt 0.262948 0.467553
vt 0.263619 0.434193
vt 0.264000 0.409100
vt 0.264245 0.386351
vt 0.264274 0.359823
vt 0.263871 0.328054
vt 0.263626 0.291671
vt 0.264002 0.254882
vt 0.264795 0.207863
vt 0.265848 0.167929
vt 0.266862 0.126420
vt 0.267870 0.059961
vt 0.149411 0.049579
vt 0.184209 0.042525
vt 0.056691 0.509291
vt 0.056818 0.497316
vt 0.062383 0.497540
vt 0.062244 0.509434
vt 0.109264 0.485611
vt 0.119081 0.471333
vt 0.087549 0.487132
vt 0.088320 0.527168
vt 0.104665 0.528455
vt 0.090322 0.562920
vt 0.102556 0.554412
vt 0.068850 0.485127
vt 0.068841 0.524455
vt 0.072065 0.573765
vt 0.050591 0.484090
vt 0.050492 0.524487
vt 0.050212 0.573993
vt 0.057105 0.598230
vt 0.067327 0.597315
vt 0.128649 0.487286
vt 0.117839 0.497378
vt 0.116245 0.529754
vt 0.129653 0.531601
vt 0.113985 0.572733
vt 0.128275 0.561169
vt 0.092353 0.586126
vt 0.094975 0.621334
vt 0.111598 0.605531
vt 0.081101 0.592381
vt 0.075236 0.617465
vt 0.076984 0.652278
vt 0.089120 0.648896
vt 0.051033 0.625946
vt 0.043373 0.594127
vt 0.059607 0.655436
vt 0.145493 0.492242
vt 0.155834 0.493291
vt 0.144763 0.533862
vt 0.156409 0.535718
vt 0.142610 0.576719
vt 0.156997 0.560437
vt 0.127303 0.592521
vt 0.124608 0.626161
vt 0.140464 0.610466
vt 0.105208 0.641761
vt 0.102573 0.662071
vt 0.121562 0.659259
vt 0.081117 0.674833
vt 0.054095 0.675377
vt 0.043787 0.656341
vt 0.177675 0.492917
vt 0.175248 0.535578
vt 0.186937 0.506375
vt 0.186551 0.520401
vt 0.167373 0.570657
vt 0.161615 0.594907
vt 0.153350 0.625013
vt 0.143698 0.652518
vt 0.133758 0.672943
vt 0.116686 0.694762
vt 0.090537 0.715044
vt 0.060355 0.725279
vt 0.200131 0.536763
vt 0.200779 0.493747
vt 0.212816 0.508580
vt 0.212355 0.524652
vt 0.188065 0.478052
vt 0.186625 0.549711
vt 0.188188 0.591222
vt 0.201512 0.574913
vt 0.173377 0.608148
vt 0.174555 0.640912
vt 0.190343 0.622365
vt 0.164352 0.673775
vt 0.154702 0.694021
vt 0.133982 0.728867
vt 0.106646 0.758012
vt 0.064656 0.760859
vt 0.068762 0.795013
vt 0.102501 0.784141
vt 0.222229 0.539894
vt 0.222402 0.498660
vt 0.214022 0.481945
vt 0.213361 0.552140
vt 0.215808 0.588741
vt 0.226378 0.571767
vt 0.203424 0.607468
vt 0.207082 0.633828
vt 0.218815 0.618938
vt 0.195462 0.673589
vt 0.178740 0.685467
vt 0.180924 0.714138
vt 0.198571 0.694722
vt 0.156669 0.764702
vt 0.129994 0.773210
vt 0.125789 0.817724
vt 0.155703 0.795623
vt 0.076388 0.840294
vt 0.084638 0.870751
vt 0.119598 0.861153
vt 0.243877 0.504667
vt 0.242562 0.543116
vt 0.241158 0.586511
vt 0.233991 0.602382
vt 0.237656 0.623536
vt 0.247334 0.608619
vt 0.229950 0.664047
vt 0.216871 0.679025
vt 0.222284 0.700693
vt 0.236029 0.682818
vt 0.208785 0.753501
vt 0.186460 0.775601
vt 0.190807 0.819895
vt 0.213893 0.788119
vt 0.158997 0.848463
vt 0.159274 0.875108
vt 0.197170 0.859599
vt 0.102461 0.906011
vt 0.261988 0.507013
vt 0.260814 0.545690
vt 0.258571 0.591198
vt 0.250706 0.609279
vt 0.264147 0.610454
vt 0.256757 0.628167
vt 0.256372 0.673396
vt 0.247804 0.685871
vt 0.265899 0.690372
vt 0.253800 0.710170
vt 0.246979 0.760601
vt 0.242959 0.797198
vt 0.236727 0.837614
vt 0.229541 0.868425
vt 0.216252 0.902281
vt 0.166059 0.950618
vt 0.031675 0.394730
vt 0.039658 0.371172
vt 0.030928 0.441201
vt 0.008757 0.438168
vt 0.015156 0.407363
vt 0.031527 0.343601
vt 0.039606 0.310932
vt 0.024563 0.376845
vt 0.005098 0.384929
vt 0.010644 0.349025
vt 0.949379 0.438168
vt 0.940877 0.421587
vt 0.945719 0.384929
vt 0.955777 0.407363
vt 0.927438 0.431058
vt 0.923823 0.392666
vt 0.928671 0.454172
vt 0.904945 0.440448
vt 0.905737 0.402818
vt 0.918093 0.461111
vt 0.030929 0.289487
vt 0.021571 0.311417
vt 0.001148 0.322477
vt 0.011548 0.286958
vt 0.933148 0.358350
vt 0.941769 0.322477
vt 0.951265 0.349025
vt 0.919240 0.361962
vt 0.914271 0.340818
vt 0.893346 0.381919
vt 0.897468 0.348715
vt 0.890053 0.418836
vt 0.874272 0.436308
vt 0.875401 0.401349
vt 0.889375 0.450814
vt 0.031203 0.239109
vt 0.952170 0.286958
vt 0.936469 0.257505
vt 0.971824 0.239109
vt 0.971550 0.289487
vt 0.929151 0.291472
vt 0.901490 0.296950
vt 0.904620 0.263557
vt 0.878033 0.331425
vt 0.876448 0.357446
vt 0.857017 0.379909
vt 0.856816 0.345160
vt 0.857358 0.421479
vt 0.845993 0.440695
vt 0.836637 0.403474
vt 0.857333 0.455165
vt 0.824576 0.442882
vt 0.823940 0.416928
vt 0.031133 0.207735
vt 0.031092 0.176243
vt 0.928439 0.212973
vt 0.921053 0.179854
vt 0.971713 0.176243
vt 0.971754 0.207735
vt 0.883581 0.234829
vt 0.887081 0.190436
vt 0.880990 0.277832
vt 0.857879 0.290476
vt 0.858332 0.256121
vt 0.838040 0.333148
vt 0.840874 0.361376
vt 0.827296 0.377639
vt 0.816224 0.354517
vt 0.810559 0.401753
vt 0.805481 0.369829
vt 0.814837 0.428969
vt 0.802481 0.449271
vt 0.800401 0.419544
vt 0.816277 0.457208
vt 0.030811 0.120231
vt 0.902204 0.134126
vt 0.971433 0.120231
vt 0.853828 0.172846
vt 0.853869 0.205936
vt 0.828099 0.232907
vt 0.823107 0.189414
vt 0.831796 0.278704
vt 0.810505 0.296872
vt 0.805510 0.267257
vt 0.797404 0.334091
vt 0.788457 0.367418
vt 0.793081 0.387054
vt 0.782112 0.411230
vt 0.777672 0.381440
vt 0.786074 0.441972
vt 0.029942 0.070599
vt 0.028254 0.041789
vt 0.853143 0.085136
vt 0.851422 0.056125
vt 0.968876 0.041789
vt 0.970563 0.070599
vt 0.806691 0.137111
vt 0.791850 0.178347
vt 0.784957 0.213383
vt 0.778325 0.259220
vt 0.774594 0.292873
vt 0.770364 0.321634
vt 0.765485 0.356435
vt 0.763236 0.379686
vt 0.762135 0.408147
vt 0.018163 0.017670
vt 0.511568 0.025310
vt 0.789523 0.045261
vt 0.958785 0.017670
vt 0.728117 0.064081
vt 0.737825 0.124715
vt 0.739073 0.173273
vt 0.740020 0.210218
vt 0.740856 0.253910
vt 0.741460 0.292624
vt 0.741411 0.324206
vt 0.739855 0.364482
vt 0.746512 0.380850
vt 0.740095 0.411056
vt 0.731609 0.385013
vt 0.779454 0.455972
vt 0.772833 0.433179
vt 0.791252 0.468657
vt 0.761384 0.432190
vt 0.761248 0.456904
vt 0.747365 0.433714
vt 0.741809 0.455488
vt 0.734407 0.439419
vt 0.030703 0.484001
vt 0.030396 0.527422
vt 0.030105 0.562631
vt 0.009934 0.483514
vt 0.009379 0.527870
vt 0.008707 0.554299
vt 0.929448 0.483540
vt 0.950555 0.483514
vt 0.930717 0.526640
vt 0.950001 0.527870
vt 0.938066 0.551270
vt 0.949329 0.554299
vt 0.917402 0.483767
vt 0.917529 0.511150
vt 0.029853 0.588392
vt 0.029481 0.621389
vt 0.007379 0.580456
vt 0.005337 0.614198
vt 0.925544 0.576521
vt 0.924089 0.541209
vt 0.948001 0.580456
vt 0.927170 0.608677
vt 0.945958 0.614198
vt 0.905560 0.484027
vt 0.907591 0.527308
vt 0.902629 0.565227
vt 0.888810 0.484584
vt 0.889425 0.529532
vt 0.890643 0.554393
vt 0.026249 0.661163
vt 0.033359 0.681368
vt 0.002069 0.646269
vt 0.916601 0.624351
vt 0.911623 0.603007
vt 0.942691 0.646269
vt 0.894158 0.596671
vt 0.896659 0.618904
vt 0.874078 0.485253
vt 0.875168 0.530749
vt 0.876206 0.568260
vt 0.854105 0.490125
vt 0.854799 0.527608
vt 0.859168 0.559168
vt 0.844396 0.510237
vt 0.844348 0.507496
vt 0.024775 0.711169
vt 0.013635 0.682593
vt 0.938076 0.682701
vt 0.966871 0.661163
vt 0.954257 0.682593
vt 0.934161 0.708608
vt 0.965396 0.711169
vt 0.908202 0.676830
vt 0.915023 0.707142
vt 0.881044 0.636943
vt 0.878504 0.610604
vt 0.867091 0.598547
vt 0.859320 0.627498
vt 0.844736 0.478432
vt 0.848042 0.576425
vt 0.846663 0.540210
vt 0.839496 0.614317
vt 0.834529 0.491708
vt 0.834471 0.527221
vt 0.827157 0.574574
vt 0.828951 0.602268
vt 0.817172 0.490163
vt 0.817755 0.530333
vt 0.818068 0.557873
vt 0.026768 0.764146
vt 0.025701 0.802272
vt 0.925424 0.762819
vt 0.967390 0.764146
vt 0.934504 0.800123
vt 0.966322 0.802272
vt 0.893997 0.728251
vt 0.891318 0.697799
vt 0.866016 0.682559
vt 0.855215 0.708672
vt 0.845798 0.662652
vt 0.835275 0.684252
vt 0.830811 0.641533
vt 0.821144 0.664160
vt 0.815220 0.619273
vt 0.818144 0.587842
vt 0.811876 0.652750
vt 0.804375 0.491540
vt 0.805200 0.530656
vt 0.804516 0.569939
vt 0.803210 0.601564
vt 0.024005 0.844879
vt 0.021960 0.877528
vt 0.911266 0.835239
vt 0.903449 0.790887
vt 0.964626 0.844879
vt 0.922436 0.875381
vt 0.962581 0.877528
vt 0.868207 0.782132
vt 0.870523 0.817779
vt 0.839590 0.738705
vt 0.820035 0.705969
vt 0.806411 0.682243
vt 0.795054 0.655487
vt 0.797970 0.636383
vt 0.785917 0.614061
vt 0.788546 0.581925
vt 0.782849 0.644945
vt 0.017566 0.915674
vt 0.880675 0.897254
vt 0.875190 0.870262
vt 0.958188 0.915674
vt 0.833746 0.845233
vt 0.836112 0.798201
vt 0.829951 0.887096
vt 0.808460 0.778669
vt 0.803604 0.812867
vt 0.791400 0.733701
vt 0.781547 0.701059
vt 0.774409 0.667189
vt 0.771273 0.648973
vt 0.767775 0.615977
vt 0.936181 0.970371
vt 0.966798 0.984756
vt 0.363524 0.985069
vt 0.814484 0.933412
vt 0.789188 0.899652
vt 0.777485 0.868231
vt 0.767921 0.824388
vt 0.762524 0.786278
vt 0.757617 0.745386
vt 0.753561 0.705860
vt 0.751771 0.669445
vt 0.749305 0.629255
vt 0.746761 0.595892
vt 0.759473 0.597090
vt 0.758562 0.652179
vt 0.743758 0.653810
vt 0.793380 0.492773
vt 0.793963 0.531155
vt 0.792858 0.553542
vt 0.779813 0.494320
vt 0.780870 0.532399
vt 0.781711 0.569807
vt 0.775800 0.593985
vt 0.761482 0.496485
vt 0.762588 0.534719
vt 0.764815 0.578758
vt 0.772060 0.594948
vt 0.743503 0.498639
vt 0.744648 0.537877
vt 0.745894 0.573821
vt 0.283076 0.467294
vt 0.278332 0.438640
vt 0.286151 0.418689
vt 0.279838 0.389593
vt 0.291601 0.451572
vt 0.289314 0.374343
vt 0.295775 0.394679
vt 0.293548 0.339542
vt 0.299292 0.298150
vt 0.304372 0.261430
vt 0.317098 0.208416
vt 0.309187 0.173716
vt 0.337520 0.149930
vt 0.345217 0.185422
vt 0.387023 0.091136
vt 0.304908 0.465783
vt 0.301509 0.431583
vt 0.294169 0.480708
vt 0.312844 0.408923
vt 0.307466 0.378083
vt 0.317187 0.449215
vt 0.321144 0.357227
vt 0.325569 0.385351
vt 0.330519 0.312021
vt 0.338575 0.277394
vt 0.356941 0.227149
vt 0.357386 0.193326
vt 0.383026 0.184513
vt 0.379250 0.216701
vt 0.434449 0.143464
vt 0.330277 0.465882
vt 0.336296 0.427250
vt 0.318770 0.481529
vt 0.340698 0.399312
vt 0.347827 0.359251
vt 0.354673 0.328331
vt 0.363738 0.296763
vt 0.379269 0.258945
vt 0.392164 0.240291
vt 0.415099 0.215969
vt 0.455521 0.193277
vt 0.355691 0.469717
vt 0.358095 0.440266
vt 0.361061 0.415982
vt 0.368639 0.365083
vt 0.366030 0.336914
vt 0.381097 0.321797
vt 0.378771 0.348015
vt 0.399090 0.286740
vt 0.411148 0.271522
vt 0.433825 0.249931
vt 0.466876 0.234798
vt 0.370101 0.473435
vt 0.369227 0.446870
vt 0.387075 0.383423
vt 0.384511 0.353648
vt 0.378805 0.432270
vt 0.380028 0.475627
vt 0.400197 0.343671
vt 0.398212 0.370128
vt 0.423001 0.311979
vt 0.427143 0.293173
vt 0.446807 0.290968
vt 0.442350 0.308728
vt 0.476739 0.281455
vt 0.401140 0.439235
vt 0.399190 0.405774
vt 0.396390 0.478443
vt 0.413887 0.390780
vt 0.416824 0.358405
vt 0.411199 0.428940
vt 0.434107 0.351327
vt 0.431242 0.376081
vt 0.454072 0.325256
vt 0.458969 0.303418
vt 0.471316 0.299957
vt 0.480316 0.317107
vt 0.489067 0.296458
vt 0.409944 0.480454
vt 0.410667 0.457989
vt 0.421912 0.442920
vt 0.426590 0.409393
vt 0.426655 0.483133
vt 0.441317 0.394846
vt 0.446182 0.368299
vt 0.443796 0.439002
vt 0.437930 0.471476
vt 0.459496 0.362049
vt 0.461565 0.398134
vt 0.455909 0.423453
vt 0.481286 0.356703
vt 0.482839 0.389120
vt 0.445899 0.484327
vt 0.450776 0.451514
vt 0.436240 0.498273
vt 0.464186 0.439661
vt 0.469070 0.415234
vt 0.466553 0.483344
vt 0.483833 0.413662
vt 0.484573 0.441026
vt 0.485224 0.482479
vt 0.280454 0.509250
vt 0.279512 0.549174
vt 0.279106 0.581675
vt 0.279068 0.605454
vt 0.279263 0.632918
vt 0.280285 0.665331
vt 0.281472 0.691070
vt 0.282389 0.718523
vt 0.283783 0.762690
vt 0.284870 0.800609
vt 0.286519 0.839686
vt 0.288949 0.872617
vt 0.295250 0.907484
vt 0.323875 0.960226
vt 0.295336 0.510928
vt 0.293264 0.552099
vt 0.290283 0.574740
vt 0.307048 0.512127
vt 0.305128 0.555372
vt 0.299851 0.594242
vt 0.293705 0.629945
vt 0.312683 0.620343
vt 0.300065 0.646251
vt 0.320642 0.640215
vt 0.313187 0.680867
vt 0.304297 0.718523
vt 0.327926 0.712443
vt 0.321602 0.754995
vt 0.313541 0.796329
vt 0.342032 0.786389
vt 0.335508 0.829282
vt 0.326434 0.867374
vt 0.367784 0.861018
vt 0.363178 0.886667
vt 0.419450 0.922931
vt 0.318782 0.513253
vt 0.316830 0.558679
vt 0.315094 0.582725
vt 0.333091 0.514605
vt 0.333299 0.564813
vt 0.322879 0.596183
vt 0.344954 0.586510
vt 0.338668 0.623017
vt 0.343304 0.663534
vt 0.350285 0.699407
vt 0.358572 0.737398
vt 0.374663 0.777285
vt 0.373480 0.811588
vt 0.402415 0.792052
vt 0.403648 0.835475
vt 0.405517 0.878269
vt 0.454480 0.858639
vt 0.443330 0.890568
vt 0.356360 0.521416
vt 0.351439 0.551633
vt 0.365684 0.540730
vt 0.359326 0.567413
vt 0.363149 0.625110
vt 0.358808 0.654006
vt 0.373550 0.645793
vt 0.376374 0.681232
vt 0.379809 0.720743
vt 0.397030 0.707027
vt 0.398536 0.733838
vt 0.425473 0.774963
vt 0.428281 0.807648
vt 0.468017 0.783765
vt 0.462614 0.820086
vt 0.368761 0.510261
vt 0.375880 0.523063
vt 0.378175 0.564610
vt 0.383974 0.605447
vt 0.390674 0.632365
vt 0.399659 0.661182
vt 0.416982 0.694238
vt 0.419422 0.714452
vt 0.439834 0.700809
vt 0.444430 0.719994
vt 0.476034 0.730536
vt 0.396221 0.520416
vt 0.399825 0.560782
vt 0.396481 0.593611
vt 0.409503 0.573234
vt 0.411683 0.612134
vt 0.414311 0.644880
vt 0.428332 0.629724
vt 0.431172 0.653615
vt 0.453508 0.681068
vt 0.459249 0.705145
vt 0.480090 0.688101
vt 0.469613 0.707684
vt 0.488772 0.710910
vt 0.409529 0.521307
vt 0.409751 0.544134
vt 0.424145 0.522034
vt 0.423732 0.557500
vt 0.424892 0.597011
vt 0.443927 0.572499
vt 0.439248 0.611635
vt 0.443396 0.638325
vt 0.455344 0.582908
vt 0.461001 0.608195
vt 0.458658 0.644890
vt 0.483290 0.616934
vt 0.481810 0.649184
vt 0.436150 0.522520
vt 0.436264 0.542575
vt 0.446855 0.522792
vt 0.445569 0.551328
vt 0.466307 0.523004
vt 0.463784 0.566880
vt 0.468929 0.590849
vt 0.485217 0.522845
vt 0.484797 0.564752
vt 0.484317 0.591727
vt 0.505897 0.066954
vt 0.621533 0.091836
vt 0.668317 0.149342
vt 0.697297 0.178111
vt 0.688491 0.220737
vt 0.660726 0.187019
vt 0.709020 0.257193
vt 0.702634 0.293340
vt 0.682008 0.267463
vt 0.711163 0.346504
vt 0.722292 0.366043
vt 0.716449 0.389823
vt 0.703402 0.370626
vt 0.720439 0.421494
vt 0.722243 0.455141
vt 0.504711 0.129278
vt 0.575718 0.151369
vt 0.622363 0.164676
vt 0.623292 0.197671
vt 0.584364 0.187682
vt 0.648222 0.240742
vt 0.660202 0.276813
vt 0.674569 0.327111
vt 0.692534 0.352180
vt 0.686609 0.378803
vt 0.670809 0.359528
vt 0.695905 0.418830
vt 0.708105 0.430898
vt 0.705571 0.457297
vt 0.692224 0.456567
vt 0.504218 0.187983
vt 0.540376 0.196774
vt 0.563370 0.212012
vt 0.595484 0.246231
vt 0.624118 0.259030
vt 0.624561 0.300668
vt 0.600044 0.283768
vt 0.645678 0.354142
vt 0.659173 0.366064
vt 0.660060 0.390998
vt 0.646396 0.375247
vt 0.670231 0.424669
vt 0.675489 0.460115
vt 0.506826 0.237992
vt 0.525848 0.229581
vt 0.538232 0.254005
vt 0.519848 0.257624
vt 0.566930 0.284169
vt 0.582587 0.311242
vt 0.602880 0.341500
vt 0.624256 0.368867
vt 0.635724 0.383957
vt 0.643246 0.398560
vt 0.652192 0.426755
vt 0.660273 0.468204
vt 0.497374 0.270910
vt 0.506054 0.284956
vt 0.535591 0.305149
vt 0.555579 0.311592
vt 0.563152 0.350780
vt 0.543786 0.337940
vt 0.587323 0.372259
vt 0.581051 0.392715
vt 0.569554 0.388771
vt 0.608175 0.387522
vt 0.601042 0.400521
vt 0.621989 0.394661
vt 0.622864 0.412072
vt 0.634487 0.438927
vt 0.641795 0.473190
vt 0.657555 0.485151
vt 0.650571 0.486826
vt 0.505039 0.332724
vt 0.524358 0.332765
vt 0.532019 0.367379
vt 0.513694 0.359402
vt 0.550437 0.377881
vt 0.555557 0.413335
vt 0.538797 0.402127
vt 0.574870 0.426610
vt 0.564971 0.453494
vt 0.560216 0.452919
vt 0.594576 0.432525
vt 0.612548 0.439814
vt 0.607823 0.471852
vt 0.596697 0.455431
vt 0.623869 0.449530
vt 0.624066 0.474311
vt 0.498060 0.356941
vt 0.503617 0.388691
vt 0.522689 0.392308
vt 0.526438 0.428720
vt 0.508652 0.424053
vt 0.544130 0.434800
vt 0.550054 0.471796
vt 0.529278 0.476605
vt 0.569229 0.472450
vt 0.576660 0.448965
vt 0.585053 0.450525
vt 0.587972 0.472140
vt 0.600485 0.483499
vt 0.494912 0.415542
vt 0.502755 0.439177
vt 0.504319 0.480558
vt 0.515672 0.452933
vt 0.518180 0.478688
vt 0.729688 0.468253
vt 0.573830 0.987731
vt 0.694950 0.940641
vt 0.708593 0.904737
vt 0.713296 0.871047
vt 0.716444 0.829138
vt 0.718363 0.789364
vt 0.719462 0.734488
vt 0.715304 0.684882
vt 0.730205 0.697434
vt 0.708488 0.706986
vt 0.726061 0.652566
vt 0.734909 0.676483
vt 0.726205 0.620371
vt 0.726432 0.586432
vt 0.521203 0.934492
vt 0.607693 0.910772
vt 0.652172 0.856301
vt 0.659620 0.895977
vt 0.608967 0.883868
vt 0.671986 0.777781
vt 0.681286 0.823526
vt 0.647160 0.810665
vt 0.685233 0.705362
vt 0.692922 0.736414
vt 0.665199 0.731503
vt 0.693457 0.658839
vt 0.696288 0.601703
vt 0.709009 0.630887
vt 0.686225 0.631727
vt 0.703453 0.507515
vt 0.690512 0.490496
vt 0.716943 0.494620
vt 0.704365 0.543382
vt 0.709824 0.592744
vt 0.692469 0.565551
vt 0.719310 0.550722
vt 0.714296 0.616449
vt 0.512161 0.864733
vt 0.514988 0.898350
vt 0.571266 0.851865
vt 0.560436 0.894259
vt 0.609898 0.796513
vt 0.608668 0.832573
vt 0.578017 0.806861
vt 0.631991 0.754490
vt 0.642901 0.722531
vt 0.656147 0.683969
vt 0.666435 0.649315
vt 0.671845 0.628676
vt 0.679080 0.491888
vt 0.677462 0.596291
vt 0.680785 0.561604
vt 0.680546 0.514171
vt 0.681251 0.538731
vt 0.508808 0.786080
vt 0.510139 0.824990
vt 0.553545 0.777082
vt 0.547790 0.819229
vt 0.580676 0.722044
vt 0.591039 0.757028
vt 0.557823 0.732097
vt 0.612162 0.706470
vt 0.611680 0.737794
vt 0.632627 0.674901
vt 0.649394 0.640058
vt 0.660892 0.625640
vt 0.668960 0.488147
vt 0.657965 0.602006
vt 0.662330 0.562355
vt 0.648882 0.622930
vt 0.663449 0.505658
vt 0.663133 0.540824
vt 0.506974 0.711936
vt 0.507599 0.740007
vt 0.540344 0.707887
vt 0.532598 0.738083
vt 0.568732 0.680348
vt 0.593563 0.669176
vt 0.613807 0.657119
vt 0.630679 0.631466
vt 0.640386 0.596061
vt 0.644598 0.551949
vt 0.643709 0.621091
vt 0.630322 0.612934
vt 0.649852 0.510636
vt 0.640731 0.511815
vt 0.651427 0.538570
vt 0.506324 0.677204
vt 0.530934 0.660203
vt 0.556783 0.623747
vt 0.561978 0.653320
vt 0.536188 0.634634
vt 0.577418 0.617895
vt 0.583775 0.645074
vt 0.595271 0.611788
vt 0.602203 0.635369
vt 0.614061 0.596044
vt 0.614989 0.625806
vt 0.622720 0.512152
vt 0.612282 0.499324
vt 0.623506 0.551957
vt 0.626618 0.581457
vt 0.613181 0.565763
vt 0.503974 0.609813
vt 0.505840 0.646890
vt 0.526078 0.564704
vt 0.527108 0.614583
vt 0.509952 0.578446
vt 0.518581 0.643713
vt 0.547850 0.519992
vt 0.530520 0.521058
vt 0.549637 0.565748
vt 0.552275 0.594608
vt 0.567490 0.518781
vt 0.569440 0.562233
vt 0.572491 0.591996
vt 0.584215 0.517652
vt 0.586259 0.558083
vt 0.590058 0.588477
vt 0.604264 0.514085
vt 0.604783 0.554215
vt 0.601931 0.580425
vt 0.613218 0.524710
vt 0.613568 0.539487
vt 0.504591 0.522326
vt 0.503625 0.564000
vt 0.495898 0.589111
vt 0.519517 0.521676
vt 0.517790 0.548204
vt 0.724471 0.504953
vt 0.725823 0.537682
vt 0.733311 0.568536
vt 0.715131 0.522713
vt 0.715137 0.522913
s 1
f 6/1/6 5/2/5 2/3/2 3/4/3
f 8/5/8 7/6/7 4/7/4 5/2/5
f 9/8/9 8/5/8 5/2/5 6/1/6
f 11/9/11 10/10/10 7/6/7 8/5/8
f 12/11/12 11/9/11 8/5/8 9/8/9
f 18/12/18 17/13/17 13/14/13 14/15/14
f 19/16/19 18/12/18 14/15/14 15/17/15
f 19/16/19 3/4/3 2/3/2 18/12/18
f 3/4/3 19/16/19 15/17/15 1/18/1
f 21/19/21 20/20/20 16/21/16 17/13/17
f 22/22/22 21/19/21 17/13/17 18/12/18
f 22/22/22 5/2/5 4/7/4 21/19/21
f 5/2/5 22/22/22 18/12/18 2/3/2
f 24/23/24 23/24/23 20/20/20 21/19/21
f 7/6/7 24/23/24 21/19/21 4/7/4
f 26/25/26 25/26/25 23/24/23 24/23/24
f 10/10/10 26/25/26 24/23/24 7/6/7
f 30/27/30 14/15/14 13/14/13 29/28/29
f 31/29/31 30/27/30 27/30/27 28/31/28
f 31/29/31 15/17/15 14/15/14 30/27/30
f 33/32/33 17/13/17 16/21/16 32/33/32
f 17/13/17 33/32/33 29/28/29 13/14/13
f 20/20/20 34/34/34 32/33/32 16/21/16
f 23/24/23 35/35/35 34/34/34 20/20/20
f 25/26/25 36/36/36 35/35/35 23/24/23
f 38/37/38 28/31/28 27/30/27 37/38/37
f 40/39/40 30/27/30 29/28/29 39/40/39
f 30/27/30 40/39/40 37/38/37 27/30/27
f 42/41/42 33/32/33 32/33/32 41/42/41
f 33/32/33 42/41/42 39/40/39 29/28/29
f 34/34/34 43/43/43 41/42/41 32/33/32
f 35/35/35 45/44/45 43/43/43 34/34/34
f 47/45/47 46/46/46 44/47/44 45/44/45
f 36/36/36 47/45/47 45/44/45 35/35/35
f 52/48/52 51/49/51 48/50/48 49/51/49
f 52/48/52 38/37/38 37/38/37 51/49/51
f 55/52/55 54/53/54 50/54/50 51/49/51
f 55/52/55 40/39/40 39/40/39 54/53/54
f 40/39/40 55/52/55 51/49/51 37/38/37
f 57/55/57 56/56/56 53/57/53 54/53/54
f 57/55/57 42/41/42 41/42/41 56/56/56
f 42/41/42 57/55/57 54/53/54 39/40/39
f 43/43/43 58/58/58 56/56/56 41/42/41
f 60/59/60 45/44/45 44/47/44 59/60/59
f 45/44/45 60/59/60 58/58/58 43/43/43
f 46/46/46 61/61/61 59/60/59 44/47/44
f 47/45/47 62/62/62 61/61/61 46/46/46
f 67/63/67 66/64/66 63/65/63 64/66/64
f 67/63/67 49/51/49 48/50/48 66/64/66
f 69/67/69 68/68/68 65/69/65 66/64/66
f 69/67/69 51/49/51 50/54/50 68/68/68
f 51/49/51 69/67/69 66/64/66 48/50/48
f 71/70/71 54/53/54 53/57/53 70/71/70
f 54/53/54 71/70/71 68/68/68 50/54/50
f 56/56/56 72/72/72 70/71/70 53/57/53
f 72/72/72 73/73/73 71/70/71 70/71/70
f 58/58/58 75/74/75 72/72/72 56/56/56
f 77/75/77 76/76/76 74/77/74 75/74/75
f 77/75/77 60/59/60 59/60/59 76/76/76
f 60/59/60 77/75/77 75/74/75 58/58/58
f 61/61/61 78/78/78 76/76/76 59/60/59
f 80/79/80 64/66/64 63/65/63 79/80/79
f 82/81/82 66/64/66 65/69/65 81/82/81
f 66/64/66 82/81/82 79/80/79 63/65/63
f 68/68/68 83/83/83 81/82/81 65/69/65
f 71/70/71 84/84/84 83/83/83 68/68/68
f 86/85/86 73/73/73 72/72/72 85/86/85
f 73/73/73 86/85/86 84/84/84 71/70/71
f 88/87/88 75/74/75 74/77/74 87/88/87
f 75/74/75 88/87/88 85/86/85 72/72/72
f 76/76/76 89/89/89 87/88/87 74/77/74
f 78/78/78 91/90/91 89/89/89 76/76/76
f 93/91/93 80/79/80 79/80/79 92/92/92
f 95/93/95 82/81/82 81/82/81 94/94/94
f 82/81/82 95/93/95 92/92/92 79/80/79
f 83/83/83 96/95/96 94/94/94 81/82/81
f 84/84/84 97/96/97 96/95/96 83/83/83
f 99/97/99 86/85/86 85/86/85 98/98/98
f 86/85/86 99/97/99 97/96/97 84/84/84
f 101/99/101 88/87/88 87/88/87 100/100/100
f 88/87/88 101/99/101 98/98/98 85/86/85
f 89/89/89 102/101/102 100/100/100 87/88/87
f 104/102/104 91/90/91 90/103/90 103/104/103
f 91/90/91 104/102/104 102/101/102 89/89/89
f 108/105/108 107/106/107 105/107/105 106/108/106
f 110/109/110 3/4/3 1/18/1 109/110/109
f 113/111/113 6/1/6 3/4/3 110/109/110
f 114/112/114 113/111/113 110/109/110 111/113/111
f 115/114/115 114/112/114 111/113/111 112/115/112
f 116/116/116 9/8/9 6/1/6 113/111/113
f 117/117/117 116/116/116 113/111/113 114/112/114
f 117/117/117 106/108/106 105/107/105 116/116/116
f 118/118/118 117/117/117 114/112/114 115/114/115
f 120/119/120 12/11/12 9/8/9 116/116/116
f 107/106/107 120/119/120 116/116/116 105/107/105
f 108/105/108 121/120/121 120/119/120 107/106/107
f 121/120/121 108/105/108 106/108/106 117/117/117
f 122/121/122 121/120/121 117/117/117 118/118/118
f 123/122/123 122/121/122 118/118/118 119/123/119
f 124/124/124 109/110/109 1/18/1 15/17/15
f 127/125/127 110/109/110 109/110/109 124/124/124
f 128/126/128 127/125/127 124/124/124 125/127/125
f 128/126/128 111/113/111 110/109/110 127/125/127
f 129/128/129 128/126/128 125/127/125 126/129/126
f 129/128/129 112/115/112 111/113/111 128/126/128
f 131/130/131 115/114/115 112/115/112 129/128/129
f 132/131/132 131/130/131 129/128/129 130/132/130
f 134/133/134 118/118/118 115/114/115 131/130/131
f 135/134/135 134/133/134 131/130/131 132/131/132
f 135/134/135 119/123/119 118/118/118 134/133/134
f 136/135/136 135/134/135 132/131/132 133/136/133
f 123/122/123 138/137/138 137/138/137 122/121/122
f 138/137/138 123/122/123 119/123/119 135/134/135
f 139/139/139 138/137/138 135/134/135 136/135/136
f 143/140/143 31/29/31 28/31/28 140/141/140
f 143/140/143 124/124/124 15/17/15 31/29/31
f 144/142/144 143/140/143 140/141/140 141/143/141
f 144/142/144 125/127/125 124/124/124 143/140/143
f 145/144/145 144/142/144 141/143/141 142/145/142
f 145/144/145 126/129/126 125/127/125 144/142/144
f 147/146/147 129/128/129 126/129/126 145/144/145
f 148/147/148 147/146/147 145/144/145 146/148/146
f 148/147/148 130/132/130 129/128/129 147/146/147
f 150/149/150 132/131/132 130/132/130 148/147/148
f 151/150/151 150/149/150 148/147/148 149/151/149
f 151/150/151 133/136/133 132/131/132 150/149/150
f 152/152/152 136/135/136 133/136/133 151/150/151
f 139/139/139 154/153/154 153/154/153 138/137/138
f 154/153/154 139/139/139 136/135/136 152/152/152
f 157/155/157 140/141/140 28/31/28 38/37/38
f 158/156/158 157/155/157 155/157/155 156/158/156
f 158/156/158 141/143/141 140/141/140 157/155/157
f 159/159/159 142/145/142 141/143/141 158/156/158
f 160/160/160 145/144/145 142/145/142 159/159/159
f 161/161/161 146/148/146 145/144/145 160/160/160
f 162/162/162 148/147/148 146/148/146 161/161/161
f 163/163/163 149/151/149 148/147/148 162/162/162
f 164/164/164 151/150/151 149/151/149 163/163/163
f 165/165/165 152/152/152 151/150/151 164/164/164
f 166/166/166 154/153/154 152/152/152 165/165/165
f 170/167/170 169/168/169 167/169/167 168/170/168
f 170/167/170 156/158/156 155/157/155 169/168/169
f 172/171/172 52/48/52 49/51/49 169/168/169
f 172/171/172 157/155/157 38/37/38 52/48/52
f 157/155/157 172/171/172 169/168/169 155/157/155
f 173/172/173 158/156/158 156/158/156 170/167/170
f 174/173/174 173/172/173 170/167/170 171/174/171
f 174/173/174 159/159/159 158/156/158 173/172/173
f 176/175/176 160/160/160 159/159/159 174/173/174
f 177/176/177 176/175/176 174/173/174 175/177/175
f 177/176/177 161/161/161 160/160/160 176/175/176
f 178/178/178 162/162/162 161/161/161 177/176/177
f 179/179/179 163/163/163 162/162/162 178/178/178
f 180/180/180 164/164/164 163/163/163 179/179/179
f 181/181/181 165/165/165 164/164/164 180/180/180
f 183/182/183 166/166/166 165/165/165 181/181/181
f 184/183/184 183/182/183 181/181/181 182/184/182
f 186/185/186 168/170/168 167/169/167 185/186/185
f 188/187/188 67/63/67 64/66/64 185/186/185
f 188/187/188 169/168/169 49/51/49 67/63/67
f 169/168/169 188/187/188 185/186/185 167/169/167
f 189/188/189 170/167/170 168/170/168 186/185/186
f 190/189/190 189/188/189 186/185/186 187/190/187
f 190/189/190 171/174/171 170/167/170 189/188/189
f 192/191/192 174/173/174 171/174/171 190/189/190
f 193/192/193 192/191/192 190/189/190 191/193/191
f 193/192/193 175/177/175 174/173/174 192/191/192
f 194/194/194 177/176/177 175/177/175 193/192/193
f 196/195/196 178/178/178 177/176/177 194/194/194
f 197/196/197 196/195/196 194/194/194 195/197/195
f 197/196/197 179/179/179 178/178/178 196/195/196
f 198/198/198 180/180/180 179/179/179 197/196/197
f 200/199/200 181/181/181 180/180/180 198/198/198
f 201/200/201 200/199/200 198/198/198 199/201/199
f 201/200/201 182/184/182 181/181/181 200/199/200
f 203/202/203 184/183/184 182/184/182 201/200/201
f 204/203/204 203/202/203 201/200/201 202/204/202
f 205/205/205 185/186/185 64/66/64 80/79/80
f 206/206/206 186/185/186 185/186/185 205/205/205
f 207/207/207 187/190/187 186/185/186 206/206/206
f 209/208/209 190/189/190 187/190/187 207/207/207
f 210/209/210 209/208/209 207/207/207 208/210/208
f 210/209/210 191/193/191 190/189/190 209/208/209
f 211/211/211 193/192/193 191/193/191 210/209/210
f 213/212/213 194/194/194 193/192/193 211/211/211
f 214/213/214 213/212/213 211/211/211 212/214/212
f 214/213/214 195/197/195 194/194/194 213/212/213
f 215/215/215 197/196/197 195/197/195 214/213/214
f 217/216/217 198/198/198 197/196/197 215/215/215
f 218/217/218 217/216/217 215/215/215 216/218/216
f 218/217/218 199/201/199 198/198/198 217/216/217
f 220/219/220 201/200/201 199/201/199 218/217/218
f 221/220/221 220/219/220 218/217/218 219/221/219
f 221/220/221 202/204/202 201/200/201 220/219/220
f 222/222/222 204/203/204 202/204/202 221/220/221
f 223/223/223 205/205/205 80/79/80 93/91/93
f 224/224/224 206/206/206 205/205/205 223/223/223
f 225/225/225 207/207/207 206/206/206 224/224/224
f 226/226/226 208/210/208 207/207/207 225/225/225
f 227/227/227 228/228/228 226/226/226 225/225/225
f 228/228/228 210/209/210 208/210/208 226/226/226
f 229/229/229 211/211/211 210/209/210 228/228/228
f 230/230/230 212/214/212 211/211/211 229/229/229
f 231/231/231 232/232/232 230/230/230 229/229/229
f 232/232/232 214/213/214 212/214/212 230/230/230
f 233/233/233 215/215/215 214/213/214 232/232/232
f 234/234/234 216/218/216 215/215/215 233/233/233
f 235/235/235 218/217/218 216/218/216 234/234/234
f 236/236/236 219/221/219 218/217/218 235/235/235
f 237/237/237 221/220/221 219/221/219 236/236/236
f 238/238/238 222/222/222 221/220/221 237/237/237
f 240/239/240 239/240/239 10/10/10 11/9/11
f 241/241/241 240/239/240 11/9/11 12/11/12
f 243/242/243 242/243/242 240/239/240 241/241/241
f 247/244/247 246/245/246 25/26/25 26/25/26
f 239/240/239 247/244/247 26/25/26 10/10/10
f 240/239/240 248/246/248 247/244/247 239/240/239
f 250/247/250 249/248/249 247/244/247 248/246/248
f 242/243/242 250/247/250 248/246/248 240/239/240
f 243/249/243 251/250/251 250/251/250 242/252/242
f 253/253/253 252/254/252 250/251/250 251/250/251
f 244/255/244 253/253/253 251/250/251 243/249/243
f 255/256/255 254/257/254 252/254/252 253/253/253
f 245/258/245 255/256/255 253/253/253 244/255/244
f 246/245/246 257/259/257 36/36/36 25/26/25
f 247/244/247 258/260/258 257/259/257 246/245/246
f 260/261/260 259/262/259 257/259/257 258/260/258
f 249/248/249 260/261/260 258/260/258 247/244/247
f 250/251/250 261/263/261 260/264/260 249/265/249
f 263/266/263 262/267/262 260/264/260 261/263/261
f 252/254/252 263/266/263 261/263/261 250/251/250
f 265/268/265 264/269/264 262/267/262 263/266/263
f 254/257/254 265/268/265 263/266/263 252/254/252
f 255/256/255 266/270/266 265/268/265 254/257/254
f 268/271/268 267/272/267 265/268/265 266/270/266
f 256/273/256 268/271/268 266/270/266 255/256/255
f 257/259/257 270/274/270 47/45/47 36/36/36
f 259/275/259 271/276/271 270/277/270 257/278/257
f 260/264/260 272/279/272 271/276/271 259/275/259
f 274/280/274 273/281/273 271/276/271 272/279/272
f 262/267/262 274/280/274 272/279/272 260/264/260
f 264/269/264 275/282/275 274/280/274 262/267/262
f 265/268/265 276/283/276 275/282/275 264/269/264
f 278/284/278 277/285/277 275/282/275 276/283/276
f 267/272/267 278/284/278 276/283/276 265/268/265
f 268/271/268 279/286/279 278/284/278 267/272/267
f 281/287/281 280/288/280 278/284/278 279/286/279
f 269/289/269 281/287/281 279/286/279 268/271/268
f 283/290/283 282/291/282 280/288/280 281/287/281
f 286/292/286 285/293/285 61/61/61 62/62/62
f 270/274/270 286/292/286 62/62/62 47/45/47
f 288/294/288 287/295/287 285/296/285 286/297/286
f 271/276/271 288/294/288 286/297/286 270/277/270
f 290/298/290 289/299/289 287/295/287 288/294/288
f 273/281/273 290/298/290 288/294/288 271/276/271
f 274/280/274 291/300/291 290/298/290 273/281/273
f 293/301/293 292/302/292 290/298/290 291/300/291
f 275/282/275 293/301/293 291/300/291 274/280/274
f 277/285/277 294/303/294 293/301/293 275/282/275
f 278/284/278 295/304/295 294/303/294 277/285/277
f 297/305/297 296/306/296 294/303/294 295/304/295
f 280/288/280 297/305/297 295/304/295 278/284/278
f 299/307/299 298/308/298 296/306/296 297/305/297
f 282/291/282 299/307/299 297/305/297 280/288/280
f 283/290/283 300/309/300 299/307/299 282/291/282
f 302/310/302 301/311/301 299/307/299 300/309/300
f 284/312/284 302/310/302 300/309/300 283/290/283
f 285/293/285 303/313/303 78/78/78 61/61/61
f 287/295/287 304/314/304 303/315/303 285/296/285
f 289/299/289 305/316/305 304/314/304 287/295/287
f 290/298/290 306/317/306 305/316/305 289/299/289
f 308/318/308 307/319/307 305/316/305 306/317/306
f 292/302/292 308/318/308 306/317/306 290/298/290
f 293/301/293 309/320/309 308/318/308 292/302/292
f 311/321/311 310/322/310 308/318/308 309/320/309
f 294/303/294 311/321/311 309/320/309 293/301/293
f 296/306/296 312/323/312 311/321/311 294/303/294
f 298/308/298 313/324/313 312/323/312 296/306/296
f 299/307/299 314/325/314 313/324/313 298/308/298
f 316/326/316 315/327/315 313/324/313 314/325/314
f 301/311/301 316/326/316 314/325/314 299/307/299
f 302/310/302 317/328/317 316/326/316 301/311/301
f 319/329/319 318/330/318 90/103/90 91/90/91
f 303/313/303 319/329/319 91/90/91 78/78/78
f 321/331/321 320/332/320 318/333/318 319/334/319
f 304/314/304 321/331/321 319/334/319 303/315/303
f 305/316/305 322/335/322 321/331/321 304/314/304
f 307/319/307 323/336/323 322/335/322 305/316/305
f 308/318/308 324/337/324 323/336/323 307/319/307
f 310/322/310 325/338/325 324/337/324 308/318/308
f 311/321/311 326/339/326 325/338/325 310/322/310
f 312/323/312 327/340/327 326/339/326 311/321/311
f 313/324/313 328/341/328 327/340/327 312/323/312
f 315/327/315 329/342/329 328/341/328 313/324/313
f 316/326/316 330/343/330 329/342/329 315/327/315
f 318/330/318 331/344/331 103/104/103 90/103/90
f 331/344/331 332/345/332 104/102/104 103/104/103
f 320/332/320 333/346/333 331/347/331 318/333/318
f 333/346/333 334/348/334 332/345/332 331/347/331
f 321/331/321 334/348/334 333/346/333 320/332/320
f 322/335/322 335/349/335 334/348/334 321/331/321
f 323/336/323 336/350/336 335/349/335 322/335/322
f 324/337/324 337/351/337 336/350/336 323/336/323
f 325/338/325 338/352/338 337/351/337 324/337/324
f 326/339/326 339/353/339 338/352/338 325/338/325
f 327/340/327 340/354/340 339/353/339 326/339/326
f 328/341/328 341/355/341 340/354/340 327/340/327
f 329/342/329 343/356/343 341/355/341 328/341/328
f 343/356/343 344/357/344 342/358/342 341/355/341
f 330/343/330 344/357/344 343/356/343 329/342/329
f 348/359/348 347/360/347 316/326/316 317/328/317
f 346/361/346 348/359/348 317/328/317 302/310/302
f 347/360/347 349/362/349 330/343/330 316/326/316
f 348/359/348 350/363/350 349/362/349 347/360/347
f 349/362/349 351/364/351 344/357/344 330/343/330
f 351/364/351 352/365/352 345/366/345 344/357/344
f 350/363/350 352/365/352 351/364/351 349/362/349
f 353/367/353 241/241/241 12/11/12 120/119/120
f 354/368/354 353/367/353 120/119/120 121/120/121
f 355/369/355 354/368/354 121/120/121 122/121/122
f 356/370/356 243/242/243 241/241/241 353/367/353
f 357/371/357 356/370/356 353/367/353 354/368/354
f 358/372/358 357/371/357 354/368/354 355/369/355
f 359/373/359 244/255/244 243/249/243 356/374/356
f 360/375/360 359/373/359 356/374/356 357/376/357
f 361/377/361 360/375/360 357/376/357 358/378/358
f 362/379/362 245/258/245 244/255/244 359/373/359
f 363/380/363 362/379/362 359/373/359 360/375/360
f 364/381/364 355/369/355 122/121/122 137/138/137
f 365/382/365 364/381/364 137/138/137 138/137/138
f 366/383/366 358/372/358 355/369/355 364/381/364
f 367/384/367 366/383/366 364/381/364 365/382/365
f 361/377/361 369/385/369 368/386/368 360/375/360
f 369/385/369 361/377/361 358/378/358 366/387/366
f 370/388/370 369/385/369 366/387/366 367/389/367
f 362/379/362 371/390/371 255/256/255 245/258/245
f 363/380/363 372/391/372 371/390/371 362/379/362
f 372/391/372 363/380/363 360/375/360 368/386/368
f 373/392/373 372/391/372 368/386/368 369/385/369
f 374/393/374 256/273/256 255/256/255 371/390/371
f 375/394/375 374/393/374 371/390/371 372/391/372
f 376/395/376 375/394/375 372/391/372 373/392/373
f 377/396/377 365/382/365 138/137/138 153/154/153
f 378/397/378 377/396/377 153/154/153 154/153/154
f 379/398/379 367/384/367 365/382/365 377/396/377
f 370/388/370 381/399/381 380/400/380 369/385/369
f 381/399/381 370/388/370 367/389/367 379/401/379
f 382/402/382 373/392/373 369/385/369 380/400/380
f 383/403/383 382/402/382 380/400/380 381/399/381
f 374/393/374 384/404/384 268/271/268 256/273/256
f 375/394/375 385/405/385 384/404/384 374/393/374
f 376/395/376 386/406/386 385/405/385 375/394/375
f 386/406/386 376/395/376 373/392/373 382/402/382
f 387/407/387 269/289/269 268/271/268 384/404/384
f 388/408/388 387/407/387 384/404/384 385/405/385
f 389/409/389 388/408/388 385/405/385 386/406/386
f 391/410/391 390/411/390 387/407/387 388/408/388
f 378/397/378 393/412/393 392/413/392 377/396/377
f 393/412/393 378/397/378 154/153/154 166/166/166
f 394/414/394 379/401/379 377/415/377 392/416/392
f 395/417/395 394/414/394 392/416/392 393/418/393
f 396/419/396 381/399/381 379/401/379 394/414/394
f 397/420/397 396/419/396 394/414/394 395/417/395
f 383/403/383 399/421/399 398/422/398 382/402/382
f 399/421/399 383/403/383 381/399/381 396/419/396
f 400/423/400 386/406/386 382/402/382 398/422/398
f 401/424/401 400/423/400 398/422/398 399/421/399
f 387/407/387 402/425/402 281/287/281 269/289/269
f 389/409/389 404/426/404 403/427/403 388/408/388
f 404/426/404 389/409/389 386/406/386 400/423/400
f 405/428/405 404/426/404 400/423/400 401/424/401
f 406/429/406 283/290/283 281/287/281 402/425/402
f 390/411/390 406/429/406 402/425/402 387/407/387
f 391/410/391 407/430/407 406/429/406 390/411/390
f 407/430/407 391/410/391 388/408/388 403/427/403
f 408/431/408 407/430/407 403/427/403 404/426/404
f 409/432/409 408/431/408 404/426/404 405/428/405
f 410/433/410 284/312/284 283/290/283 406/429/406
f 411/434/411 410/433/410 406/429/406 407/430/407
f 412/435/412 411/434/411 407/430/407 408/431/408
f 413/436/413 393/412/393 166/166/166 183/182/183
f 414/437/414 413/436/413 183/182/183 184/183/184
f 415/438/415 395/417/395 393/418/393 413/439/413
f 416/440/416 415/438/415 413/439/413 414/441/414
f 397/420/397 418/442/418 417/443/417 396/419/396
f 418/442/418 397/420/397 395/417/395 415/438/415
f 419/444/419 399/421/399 396/419/396 417/443/417
f 420/445/420 419/444/419 417/443/417 418/442/418
f 421/446/421 401/424/401 399/421/399 419/444/419
f 422/447/422 421/446/421 419/444/419 420/445/420
f 423/448/423 405/428/405 401/424/401 421/446/421
f 424/449/424 423/448/423 421/446/421 422/447/422
f 409/432/409 426/450/426 425/451/425 408/431/408
f 426/450/426 409/432/409 405/428/405 423/448/423
f 427/452/427 426/450/426 423/448/423 424/449/424
f 410/433/410 428/453/428 302/310/302 284/312/284
f 411/434/411 429/454/429 428/453/428 410/433/410
f 412/435/412 430/455/430 429/454/429 411/434/411
f 430/455/430 412/435/412 408/431/408 425/451/425
f 431/456/431 430/455/430 425/451/425 426/450/426
f 432/457/432 414/437/414 184/183/184 203/202/203
f 433/458/433 432/457/432 203/202/203 204/203/204
f 416/440/416 435/459/435 434/460/434 415/438/415
f 435/459/435 416/440/416 414/441/414 432/461/432
f 436/462/436 435/459/435 432/461/432 433/463/433
f 437/464/437 418/442/418 415/438/415 434/460/434
f 438/465/438 437/464/437 434/460/434 435/459/435
f 439/466/439 420/445/420 418/442/418 437/464/437
f 440/467/440 422/447/422 420/445/420 439/466/439
f 441/468/441 424/449/424 422/447/422 440/467/440
f 427/452/427 443/469/443 442/470/442 426/450/426
f 443/469/443 427/452/427 424/449/424 441/468/441
f 431/456/431 445/471/445 444/472/444 430/455/430
f 445/471/445 431/456/431 426/450/426 442/470/442
f 446/473/446 445/471/445 442/470/442 443/469/443
f 447/474/447 433/458/433 204/203/204 222/222/222
f 436/462/436 449/475/449 448/476/448 435/459/435
f 449/475/449 436/462/436 433/463/433 447/477/447
f 438/465/438 451/478/451 450/479/450 437/464/437
f 451/478/451 438/465/438 435/459/435 448/476/448
f 452/480/452 451/478/451 448/476/448 449/475/449
f 453/481/453 439/466/439 437/464/437 450/479/450
f 454/482/454 453/481/453 450/479/450 451/478/451
f 455/483/455 440/467/440 439/466/439 453/481/453
f 456/484/456 441/468/441 440/467/440 455/483/455
f 457/485/457 443/469/443 441/468/441 456/484/456
f 446/473/446 460/486/460 459/487/459 445/471/445
f 460/486/460 446/473/446 443/469/443 457/485/457
f 461/488/461 447/477/447 222/489/222 238/490/238
f 462/491/462 449/475/449 447/477/447 461/488/461
f 452/480/452 464/492/464 463/493/463 451/478/451
f 464/492/464 452/480/452 449/475/449 462/491/462
f 454/482/454 466/494/466 465/495/465 453/481/453
f 466/494/466 454/482/454 451/478/451 463/493/463
f 467/496/467 455/483/455 453/481/453 465/495/465
f 468/497/468 456/484/456 455/483/455 467/496/467
f 470/498/470 457/485/457 456/484/456 468/497/468
f 459/487/459 472/499/472 471/500/471 458/501/458
f 472/499/472 473/502/473 470/498/470 469/503/469
f 460/486/460 473/502/473 472/499/472 459/487/459
f 473/502/473 460/486/460 457/485/457 470/498/470
f 474/504/474 346/361/346 302/310/302 428/453/428
f 475/505/475 474/504/474 428/453/428 429/454/429
f 476/506/476 475/505/475 429/454/429 430/455/430
f 474/504/474 477/507/477 348/359/348 346/361/346
f 475/505/475 478/508/478 477/507/477 474/504/474
f 476/506/476 479/509/479 478/508/478 475/505/475
f 479/509/479 476/506/476 430/455/430 444/472/444
f 480/510/480 479/509/479 444/472/444 445/471/445
f 477/507/477 481/511/481 350/363/350 348/359/348
f 478/508/478 482/512/482 481/511/481 477/507/477
f 479/509/479 483/513/483 482/512/482 478/508/478
f 483/513/483 484/514/484 459/487/459 458/501/458
f 480/510/480 484/514/484 483/513/483 479/509/479
f 484/514/484 480/510/480 445/471/445 459/487/459
f 481/511/481 485/515/485 352/365/352 350/363/350
f 482/512/482 486/516/486 485/515/485 481/511/481
f 483/513/483 487/517/487 486/516/486 482/512/482
f 487/517/487 483/513/483 458/501/458 471/500/471
f 489/518/489 93/91/93 92/92/92 488/519/488
f 491/520/491 95/93/95 94/94/94 490/521/490
f 95/93/95 491/520/491 488/519/488 92/92/92
f 491/520/491 492/522/492 489/518/489 488/519/488
f 96/95/96 493/523/493 490/521/490 94/94/94
f 493/523/493 494/524/494 491/520/491 490/521/490
f 97/96/97 495/525/495 493/523/493 96/95/96
f 497/526/497 99/97/99 98/98/98 496/527/496
f 99/97/99 497/526/497 495/525/495 97/96/97
f 499/528/499 101/99/101 100/100/100 498/529/498
f 101/99/101 499/528/499 496/527/496 98/98/98
f 102/101/102 500/530/500 498/529/498 100/100/100
f 500/530/500 501/531/501 499/528/499 498/529/498
f 104/102/104 502/532/502 500/530/500 102/101/102
f 505/533/505 492/522/492 491/520/491 504/534/504
f 492/522/492 505/533/505 503/535/503 489/518/489
f 507/536/507 494/524/494 493/523/493 506/537/506
f 494/524/494 507/536/507 504/534/504 491/520/491
f 507/536/507 508/538/508 505/533/505 504/534/504
f 495/525/495 509/539/509 506/537/506 493/523/493
f 509/539/509 510/540/510 507/536/507 506/537/506
f 512/541/512 497/526/497 496/527/496 511/542/511
f 497/526/497 512/541/512 509/539/509 495/525/495
f 499/528/499 514/543/514 511/542/511 496/527/496
f 516/544/516 515/545/515 513/546/513 514/543/514
f 516/544/516 501/531/501 500/530/500 515/545/515
f 501/531/501 516/544/516 514/543/514 499/528/499
f 502/532/502 517/547/517 515/545/515 500/530/500
f 520/548/520 508/538/508 507/536/507 519/549/519
f 508/538/508 520/548/520 518/550/518 505/533/505
f 522/551/522 510/540/510 509/539/509 521/552/521
f 510/540/510 522/551/522 519/549/519 507/536/507
f 524/553/524 512/541/512 511/542/511 523/554/523
f 512/541/512 524/553/524 521/552/521 509/539/509
f 526/555/526 514/543/514 513/546/513 525/556/525
f 514/543/514 526/555/526 523/554/523 511/542/511
f 515/545/515 527/557/527 525/556/525 513/546/513
f 517/547/517 528/558/528 527/557/527 515/545/515
f 530/559/530 520/548/520 519/549/519 529/560/529
f 533/561/533 522/551/522 521/552/521 532/562/532
f 522/551/522 533/561/533 529/560/529 519/549/519
f 535/563/535 534/564/534 531/565/531 532/562/532
f 535/563/535 524/553/524 523/554/523 534/564/534
f 524/553/524 535/563/535 532/562/532 521/552/521
f 537/566/537 526/555/526 525/556/525 536/567/536
f 526/555/526 537/566/537 534/564/534 523/554/523
f 527/557/527 538/568/538 536/567/536 525/556/525
f 528/558/528 539/569/539 538/568/538 527/557/527
f 541/570/541 530/559/530 529/560/529 540/571/540
f 543/572/543 532/562/532 531/565/531 542/573/542
f 544/574/544 533/561/533 532/562/532 543/572/543
f 533/561/533 544/574/544 540/571/540 529/560/529
f 544/574/544 545/575/545 541/570/541 540/571/540
f 534/564/534 546/576/546 542/573/542 531/565/531
f 546/576/546 547/577/547 543/572/543 542/573/542
f 549/578/549 537/566/537 536/567/536 548/579/548
f 537/566/537 549/578/549 546/576/546 534/564/534
f 538/568/538 550/580/550 548/579/548 536/567/536
f 550/580/550 551/581/551 549/578/549 548/579/548
f 539/569/539 552/582/552 550/580/550 538/568/538
f 555/583/555 544/574/544 543/572/543 554/584/554
f 556/585/556 545/575/545 544/574/544 555/583/555
f 558/586/558 547/577/547 546/576/546 557/587/557
f 547/577/547 558/586/558 554/584/554 543/572/543
f 558/586/558 559/588/559 555/583/555 554/584/554
f 549/578/549 560/589/560 557/587/557 546/576/546
f 560/589/560 561/590/561 558/586/558 557/587/557
f 563/591/563 551/581/551 550/580/550 562/592/562
f 551/581/551 563/591/563 560/589/560 549/578/549
f 552/582/552 564/593/564 562/592/562 550/580/550
f 564/593/564 565/594/565 563/591/563 562/592/562
f 553/595/553 565/594/565 564/593/564 552/582/552
f 567/596/567 556/585/556 555/583/555 566/597/566
f 569/598/569 559/588/559 558/586/558 568/599/568
f 559/588/559 569/598/569 566/597/566 555/583/555
f 569/598/569 570/600/570 567/596/567 566/597/566
f 572/601/572 561/590/561 560/589/560 571/602/571
f 561/590/561 572/601/572 568/599/568 558/586/558
f 572/601/572 573/603/573 569/598/569 568/599/568
f 573/603/573 574/604/574 570/600/570 569/598/569
f 563/591/563 575/605/575 571/602/571 560/589/560
f 575/605/575 576/606/576 572/601/572 571/602/571
f 576/606/576 577/607/577 573/603/573 572/601/572
f 565/594/565 578/608/578 575/605/575 563/591/563
f 578/608/578 579/609/579 576/606/576 575/605/575
f 582/610/582 574/604/574 573/603/573 581/611/581
f 574/604/574 582/610/582 580/612/580 570/600/570
f 584/613/584 577/607/577 576/606/576 583/614/583
f 577/607/577 584/613/584 581/611/581 573/603/573
f 584/613/584 585/615/585 582/610/582 581/611/581
f 579/609/579 586/616/586 583/614/583 576/606/576
f 586/616/586 587/617/587 584/613/584 583/614/583
f 587/617/587 588/618/588 585/615/585 584/613/584
f 589/619/589 223/223/223 93/91/93 489/518/489
f 590/620/590 224/224/224 223/223/223 589/619/589
f 591/621/591 225/225/225 224/224/224 590/620/590
f 592/622/592 227/227/227 225/225/225 591/621/591
f 593/623/593 228/228/228 227/227/227 592/622/592
f 594/624/594 229/229/229 228/228/228 593/623/593
f 595/625/595 231/231/231 229/229/229 594/624/594
f 596/626/596 232/232/232 231/231/231 595/625/595
f 597/627/597 233/233/233 232/232/232 596/626/596
f 598/628/598 234/234/234 233/233/233 597/627/597
f 599/629/599 235/235/235 234/234/234 598/628/598
f 600/630/600 236/236/236 235/235/235 599/629/599
f 601/631/601 237/237/237 236/236/236 600/630/600
f 602/632/602 238/238/238 237/237/237 601/631/601
f 603/633/603 589/619/589 489/518/489 503/535/503
f 604/634/604 590/620/590 589/619/589 603/633/603
f 605/635/605 591/621/591 590/620/590 604/634/604
f 505/533/505 606/636/606 603/633/603 503/535/503
f 606/636/606 607/637/607 604/634/604 603/633/603
f 607/637/607 608/638/608 605/635/605 604/634/604
f 608/638/608 592/622/592 591/621/591 605/635/605
f 609/639/609 593/623/593 592/622/592 608/638/608
f 610/640/610 611/641/611 609/639/609 608/638/608
f 611/641/611 594/624/594 593/623/593 609/639/609
f 612/642/612 613/643/613 611/641/611 610/640/610
f 613/643/613 595/625/595 594/624/594 611/641/611
f 614/644/614 596/626/596 595/625/595 613/643/613
f 615/645/615 616/646/616 614/644/614 613/643/613
f 616/646/616 597/627/597 596/626/596 614/644/614
f 617/647/617 598/628/598 597/627/597 616/646/616
f 618/648/618 619/649/619 617/647/617 616/646/616
f 619/649/619 599/629/599 598/628/598 617/647/617
f 620/650/620 600/630/600 599/629/599 619/649/619
f 621/651/621 622/652/622 620/650/620 619/649/619
f 622/652/622 601/631/601 600/630/600 620/650/620
f 623/653/623 602/632/602 601/631/601 622/652/622
f 624/654/624 606/636/606 505/533/505 518/550/518
f 625/655/625 607/637/607 606/636/606 624/654/624
f 626/656/626 608/638/608 607/637/607 625/655/625
f 520/548/520 627/657/627 624/654/624 518/550/518
f 627/657/627 628/658/628 625/655/625 624/654/624
f 628/658/628 629/659/629 626/656/626 625/655/625
f 629/659/629 610/640/610 608/638/608 626/656/626
f 630/660/630 631/661/631 629/659/629 628/658/628
f 631/661/631 612/642/612 610/640/610 629/659/629
f 632/662/632 613/643/613 612/642/612 631/661/631
f 633/663/633 615/645/615 613/643/613 632/662/632
f 634/664/634 616/646/616 615/645/615 633/663/633
f 635/665/635 618/648/618 616/646/616 634/664/634
f 636/666/636 619/649/619 618/648/618 635/665/635
f 637/667/637 638/668/638 636/666/636 635/665/635
f 638/668/638 621/651/621 619/649/619 636/666/636
f 639/669/639 622/652/622 621/651/621 638/668/638
f 640/670/640 641/671/641 639/669/639 638/668/638
f 641/671/641 623/653/623 622/652/622 639/669/639
f 642/672/642 627/657/627 520/548/520 530/559/530
f 643/673/643 628/658/628 627/657/627 642/672/642
f 644/674/644 645/675/645 643/673/643 642/672/642
f 645/675/645 630/660/630 628/658/628 643/673/643
f 646/676/646 631/661/631 630/660/630 645/675/645
f 647/677/647 632/662/632 631/661/631 646/676/646
f 648/678/648 649/679/649 647/677/647 646/676/646
f 649/679/649 633/663/633 632/662/632 647/677/647
f 650/680/650 634/664/634 633/663/633 649/679/649
f 651/681/651 652/682/652 650/680/650 649/679/649
f 652/682/652 635/665/635 634/664/634 650/680/650
f 653/683/653 637/667/637 635/665/635 652/682/652
f 654/684/654 638/668/638 637/667/637 653/683/653
f 655/685/655 656/686/656 654/684/654 653/683/653
f 656/686/656 640/670/640 638/668/638 654/684/654
f 657/687/657 642/672/642 530/559/530 541/570/541
f 545/575/545 658/688/658 657/687/657 541/570/541
f 658/688/658 644/674/644 642/672/642 657/687/657
f 659/689/659 645/675/645 644/674/644 658/688/658
f 660/690/660 646/676/646 645/675/645 659/689/659
f 661/691/661 648/678/648 646/676/646 660/690/660
f 662/692/662 649/679/649 648/678/648 661/691/661
f 663/693/663 651/681/651 649/679/649 662/692/662
f 664/694/664 652/682/652 651/681/651 663/693/663
f 665/695/665 666/696/666 664/694/664 663/693/663
f 666/696/666 653/683/653 652/682/652 664/694/664
f 668/697/668 655/685/655 653/683/653 666/696/666
f 669/698/669 658/688/658 545/575/545 556/585/556
f 670/699/670 659/689/659 658/688/658 669/698/669
f 671/700/671 660/690/660 659/689/659 670/699/670
f 672/701/672 673/702/673 671/700/671 670/699/670
f 673/702/673 661/691/661 660/690/660 671/700/671
f 674/703/674 662/692/662 661/691/661 673/702/673
f 675/704/675 676/705/676 674/703/674 673/702/673
f 676/705/676 663/693/663 662/692/662 674/703/674
f 677/706/677 665/695/665 663/693/663 676/705/676
f 678/707/678 666/696/666 665/695/665 677/706/677
f 679/708/679 680/709/680 678/707/678 677/706/677
f 668/697/668 680/709/680 679/708/679 667/710/667
f 680/709/680 668/697/668 666/696/666 678/707/678
f 681/711/681 669/698/669 556/585/556 567/596/567
f 682/712/682 670/699/670 669/698/669 681/711/681
f 570/600/570 683/713/683 681/711/681 567/596/567
f 683/713/683 684/714/684 682/712/682 681/711/681
f 684/714/684 672/701/672 670/699/670 682/712/682
f 685/715/685 673/702/673 672/701/672 684/714/684
f 686/716/686 687/717/687 685/715/685 684/714/684
f 687/717/687 675/704/675 673/702/673 685/715/685
f 688/718/688 676/705/676 675/704/675 687/717/687
f 689/719/689 690/720/690 687/717/687 686/716/686
f 690/720/690 691/721/691 688/718/688 687/717/687
f 691/721/691 677/706/677 676/705/676 688/718/688
f 692/722/692 693/723/693 691/721/691 690/720/690
f 693/723/693 679/708/679 677/706/677 691/721/691
f 694/724/694 683/713/683 570/600/570 580/612/580
f 695/725/695 684/714/684 683/713/683 694/724/694
f 582/610/582 696/726/696 694/724/694 580/612/580
f 696/726/696 697/727/697 695/725/695 694/724/694
f 697/727/697 686/716/686 684/714/684 695/725/695
f 585/615/585 698/728/698 696/726/696 582/610/582
f 698/728/698 699/729/699 697/727/697 696/726/696
f 699/729/699 689/719/689 686/716/686 697/727/697
f 700/730/700 690/720/690 689/719/689 699/729/699
f 588/618/588 701/731/701 698/728/698 585/615/585
f 701/731/701 702/732/702 699/729/699 698/728/698
f 702/732/702 703/733/703 700/730/700 699/729/699
f 703/733/703 692/722/692 690/720/690 700/730/700
f 332/345/332 704/734/704 502/532/502 104/102/104
f 334/348/334 705/735/705 704/734/704 332/345/332
f 335/349/335 706/736/706 705/735/705 334/348/334
f 336/350/336 708/737/708 706/736/706 335/349/335
f 708/737/708 709/738/709 707/739/707 706/736/706
f 337/351/337 709/738/709 708/737/708 336/350/336
f 338/352/338 711/740/711 709/738/709 337/351/337
f 711/740/711 712/741/712 710/742/710 709/738/709
f 339/353/339 712/741/712 711/740/711 338/352/338
f 340/354/340 713/743/713 712/741/712 339/353/339
f 341/355/341 715/744/715 713/743/713 340/354/340
f 715/744/715 716/745/716 714/746/714 713/743/713
f 342/358/342 716/745/716 715/744/715 341/355/341
f 344/357/344 717/747/717 716/745/716 342/358/342
f 345/366/345 718/748/718 717/747/717 344/357/344
f 704/734/704 719/749/719 517/547/517 502/532/502
f 705/735/705 720/750/720 719/749/719 704/734/704
f 706/736/706 722/751/722 720/750/720 705/735/705
f 722/751/722 723/752/723 721/753/721 720/750/720
f 707/739/707 723/752/723 722/751/722 706/736/706
f 709/738/709 724/754/724 723/752/723 707/739/707
f 710/742/710 725/755/725 724/754/724 709/738/709
f 712/741/712 726/756/726 725/755/725 710/742/710
f 713/743/713 728/757/728 726/756/726 712/741/712
f 728/757/728 729/758/729 727/759/727 726/756/726
f 714/746/714 729/758/729 728/757/728 713/743/713
f 716/745/716 730/760/730 729/758/729 714/746/714
f 717/747/717 732/761/732 730/760/730 716/745/716
f 732/761/732 733/762/733 731/763/731 730/760/730
f 718/748/718 733/762/733 732/761/732 717/747/717
f 719/749/719 734/764/734 528/558/528 517/547/517
f 720/750/720 735/765/735 734/764/734 719/749/719
f 721/753/721 736/766/736 735/765/735 720/750/720
f 723/752/723 737/767/737 736/766/736 721/753/721
f 724/754/724 739/768/739 737/767/737 723/752/723
f 739/768/739 740/769/740 738/770/738 737/767/737
f 725/755/725 740/769/740 739/768/739 724/754/724
f 726/756/726 741/771/741 740/769/740 725/755/725
f 727/759/727 742/772/742 741/771/741 726/756/726
f 744/773/744 743/774/743 741/771/741 742/772/742
f 729/758/729 744/773/744 742/772/742 727/759/727
f 730/760/730 745/775/745 744/773/744 729/758/729
f 731/763/731 746/776/746 745/775/745 730/760/730
f 734/764/734 747/777/747 539/569/539 528/558/528
f 735/765/735 749/778/749 747/777/747 734/764/734
f 749/778/749 750/779/750 748/780/748 747/777/747
f 736/766/736 750/779/750 749/778/749 735/765/735
f 737/767/737 751/781/751 750/779/750 736/766/736
f 738/770/738 752/782/752 751/781/751 737/767/737
f 740/769/740 753/783/753 752/782/752 738/770/738
f 741/771/741 754/784/754 753/783/753 740/769/740
f 743/774/743 755/785/755 754/784/754 741/771/741
f 744/773/744 756/786/756 755/785/755 743/774/743
f 745/775/745 757/787/757 756/786/756 744/773/744
f 746/776/746 758/788/758 757/787/757 745/775/745
f 747/777/747 760/789/760 552/582/552 539/569/539
f 760/789/760 761/790/761 553/595/553 552/582/552
f 748/780/748 761/790/761 760/789/760 747/777/747
f 750/779/750 762/791/762 761/790/761 748/780/748
f 751/781/751 764/792/764 762/791/762 750/779/750
f 764/792/764 765/793/765 763/794/763 762/791/762
f 752/782/752 765/793/765 764/792/764 751/781/751
f 753/783/753 767/795/767 765/793/765 752/782/752
f 767/795/767 768/796/768 766/797/766 765/793/765
f 754/784/754 769/798/769 767/795/767 753/783/753
f 769/798/769 770/799/770 768/796/768 767/795/767
f 755/785/755 771/800/771 769/798/769 754/784/754
f 771/800/771 772/801/772 770/799/770 769/798/769
f 756/786/756 772/801/772 771/800/771 755/785/755
f 757/787/757 773/802/773 772/801/772 756/786/756
f 758/788/758 774/803/774 773/802/773 757/787/757
f 759/804/759 775/805/775 774/803/774 758/788/758
f 761/790/761 776/806/776 565/594/565 553/595/553
f 762/791/762 778/807/778 776/806/776 761/790/761
f 778/807/778 779/808/779 777/809/777 776/806/776
f 763/794/763 779/808/779 778/807/778 762/791/762
f 765/793/765 781/810/781 779/808/779 763/794/763
f 781/810/781 782/811/782 780/812/780 779/808/779
f 766/797/766 782/811/782 781/810/781 765/793/765
f 768/796/768 784/813/784 782/811/782 766/797/766
f 784/813/784 785/814/785 783/815/783 782/811/782
f 770/799/770 786/816/786 784/813/784 768/796/768
f 772/801/772 788/817/788 786/816/786 770/799/770
f 788/817/788 789/818/789 787/819/787 786/816/786
f 773/802/773 790/820/790 788/817/788 772/801/772
f 790/820/790 791/821/791 789/818/789 788/817/788
f 774/803/774 791/821/791 790/820/790 773/802/773
f 776/806/776 792/822/792 578/608/578 565/594/565
f 792/822/792 793/823/793 579/609/579 578/608/578
f 777/809/777 793/823/793 792/822/792 776/806/776
f 779/808/779 795/824/795 793/823/793 777/809/777
f 795/824/795 796/825/796 794/826/794 793/823/793
f 780/812/780 796/825/796 795/824/795 779/808/779
f 782/811/782 798/827/798 796/825/796 780/812/780
f 798/827/798 799/828/799 797/829/797 796/825/796
f 783/815/783 799/828/799 798/827/798 782/811/782
f 801/830/801 785/814/785 784/813/784 800/831/800
f 785/814/785 801/830/801 799/828/799 783/815/783
f 786/816/786 802/832/802 800/831/800 784/813/784
f 802/832/802 803/833/803 801/830/801 800/831/800
f 787/819/787 803/833/803 802/832/802 786/816/786
f 789/818/789 804/834/804 803/833/803 787/819/787
f 793/823/793 805/835/805 586/616/586 579/609/579
f 805/835/805 806/836/806 587/617/587 586/616/586
f 794/826/794 806/836/806 805/835/805 793/823/793
f 806/836/806 807/837/807 588/618/588 587/617/587
f 796/825/796 808/838/808 806/836/806 794/826/794
f 808/838/808 809/839/809 807/837/807 806/836/806
f 797/829/797 809/839/809 808/838/808 796/825/796
f 352/365/352 810/840/810 718/748/718 345/366/345
f 811/841/811 461/488/461 238/490/238 602/632/602
f 812/842/812 462/491/462 461/488/461 811/841/811
f 464/492/464 814/843/814 813/844/813 463/493/463
f 814/843/814 464/492/464 462/491/462 812/842/812
f 466/494/466 816/845/816 815/846/815 465/495/465
f 816/845/816 466/494/466 463/493/463 813/844/813
f 818/847/818 467/496/467 465/495/465 815/846/815
f 819/848/819 820/849/820 818/847/818 817/850/817
f 820/849/820 468/497/468 467/496/467 818/847/818
f 821/851/821 822/852/822 820/849/820 819/848/819
f 470/498/470 822/852/822 821/851/821 469/503/469
f 822/852/822 470/498/470 468/497/468 820/849/820
f 472/499/472 826/853/826 825/854/825 471/500/471
f 826/853/826 472/499/472 469/503/469 821/851/821
f 827/855/827 811/841/811 602/632/602 623/653/623
f 829/856/829 812/842/812 811/841/811 827/855/827
f 831/857/831 832/858/832 829/856/829 828/859/828
f 814/843/814 832/858/832 831/857/831 813/844/813
f 832/858/832 814/843/814 812/842/812 829/856/829
f 834/860/834 835/861/835 831/857/831 830/862/830
f 816/845/816 835/861/835 834/860/834 815/846/815
f 835/861/835 816/845/816 813/844/813 831/857/831
f 836/863/836 837/864/837 834/860/834 833/865/833
f 818/847/818 837/864/837 836/863/836 817/850/817
f 837/864/837 818/847/818 815/846/815 834/860/834
f 839/866/839 819/848/819 817/850/817 836/863/836
f 842/867/842 843/868/843 839/866/839 838/869/838
f 843/868/843 821/851/821 819/848/819 839/866/839
f 733/762/733 844/870/844 840/871/840 731/763/731
f 823/872/823 844/870/844 733/762/733 718/748/718
f 845/873/845 846/874/846 842/867/842 841/875/841
f 825/854/825 846/874/846 845/873/845 824/876/824
f 846/874/846 847/877/847 843/868/843 842/867/842
f 826/853/826 847/877/847 846/874/846 825/854/825
f 847/877/847 826/853/826 821/851/821 843/868/843
f 848/878/848 849/879/849 641/671/641 640/670/640
f 849/879/849 827/855/827 623/653/623 641/671/641
f 851/880/851 852/881/852 849/879/849 848/878/848
f 829/856/829 852/881/852 851/880/851 828/859/828
f 852/881/852 829/856/829 827/855/827 849/879/849
f 853/882/853 854/883/854 851/880/851 850/884/850
f 831/857/831 854/883/854 853/882/853 830/862/830
f 854/883/854 831/857/831 828/859/828 851/880/851
f 834/860/834 856/885/856 855/886/855 833/865/833
f 856/885/856 834/860/834 830/862/830 853/882/853
f 857/887/857 836/863/836 833/865/833 855/886/855
f 839/866/839 859/888/859 858/889/858 838/869/838
f 859/888/859 839/866/839 836/863/836 857/887/857
f 840/871/840 860/890/860 746/776/746 731/763/731
f 842/867/842 862/891/862 861/892/861 841/875/841
f 862/891/862 842/867/842 838/869/838 858/889/858
f 844/870/844 863/893/863 860/890/860 840/871/840
f 845/873/845 864/894/864 863/893/863 844/870/844
f 864/894/864 845/873/845 841/875/841 861/892/861
f 865/895/865 866/896/866 656/686/656 655/685/655
f 866/896/866 848/878/848 640/670/640 656/686/656
f 868/897/868 869/898/869 866/896/866 865/895/865
f 851/880/851 869/898/869 868/897/868 850/884/850
f 869/898/869 851/880/851 848/878/848 866/896/866
f 870/899/870 871/900/871 868/897/868 867/901/867
f 871/900/871 853/882/853 850/884/850 868/897/868
f 872/902/872 873/903/873 871/900/871 870/899/870
f 856/885/856 873/903/873 872/902/872 855/886/855
f 873/903/873 856/885/856 853/882/853 871/900/871
f 874/904/874 857/887/857 855/886/855 872/902/872
f 859/888/859 876/905/876 875/906/875 858/889/858
f 876/905/876 859/888/859 857/887/857 874/904/874
f 860/890/860 877/907/877 758/788/758 746/776/746
f 862/891/862 879/908/879 878/909/878 861/892/861
f 879/908/879 862/891/862 858/889/858 875/906/875
f 880/910/880 879/908/879 875/906/875 876/905/876
f 881/911/881 759/804/759 758/788/758 877/907/877
f 863/893/863 881/911/881 877/907/877 860/890/860
f 864/894/864 882/912/882 881/911/881 863/893/863
f 882/912/882 864/894/864 861/892/861 878/909/878
f 883/913/883 884/914/884 668/697/668 667/710/667
f 884/914/884 865/895/865 655/685/655 668/697/668
f 885/915/885 886/916/886 884/914/884 883/913/883
f 868/897/868 886/916/886 885/915/885 867/901/867
f 886/916/886 868/897/868 865/895/865 884/914/884
f 887/917/887 870/899/870 867/901/867 885/915/885
f 888/918/888 872/902/872 870/899/870 887/917/887
f 889/919/889 874/904/874 872/902/872 888/918/888
f 891/920/891 876/905/876 874/904/874 889/919/889
f 879/908/879 894/921/894 893/922/893 878/909/878
f 894/921/894 895/923/895 891/920/891 890/924/890
f 880/910/880 895/923/895 894/921/894 879/908/879
f 895/923/895 880/910/880 876/905/876 891/920/891
f 775/805/775 896/925/896 892/926/892 774/803/774
f 881/911/881 896/925/896 775/805/775 759/804/759
f 896/925/896 897/927/897 893/922/893 892/926/892
f 882/912/882 897/927/897 896/925/896 881/911/881
f 897/927/897 882/912/882 878/909/878 893/922/893
f 898/928/898 883/913/883 667/710/667 679/708/679
f 900/929/900 885/915/885 883/913/883 898/928/898
f 901/930/901 902/931/902 900/929/900 899/932/899
f 902/931/902 887/917/887 885/915/885 900/929/900
f 903/933/903 904/934/904 902/931/902 901/930/901
f 904/934/904 888/918/888 887/917/887 902/931/902
f 905/935/905 906/936/906 904/934/904 903/933/903
f 906/936/906 889/919/889 888/918/888 904/934/904
f 909/937/909 910/938/910 906/936/906 905/935/905
f 891/920/891 910/938/910 909/937/909 890/924/890
f 910/938/910 891/920/891 889/919/889 906/936/906
f 791/821/791 911/939/911 907/940/907 789/818/789
f 892/926/892 911/939/911 791/821/791 774/803/774
f 893/922/893 912/941/912 911/939/911 892/926/892
f 912/941/912 913/942/913 909/937/909 908/943/908
f 894/921/894 913/942/913 912/941/912 893/922/893
f 913/942/913 894/921/894 890/924/890 909/937/909
f 915/944/915 916/945/916 693/723/693 692/722/692
f 916/945/916 898/928/898 679/708/679 693/723/693
f 918/946/918 919/947/919 915/944/915 914/948/914
f 919/947/919 920/949/920 916/945/916 915/944/915
f 900/929/900 920/949/920 919/947/919 899/932/899
f 920/949/920 900/929/900 898/928/898 916/945/916
f 799/828/799 921/950/921 917/951/917 797/829/797
f 921/950/921 922/952/922 918/946/918 917/951/917
f 922/952/922 923/953/923 919/947/919 918/946/918
f 923/953/923 901/930/901 899/932/899 919/947/919
f 801/830/801 924/954/924 921/950/921 799/828/799
f 924/954/924 925/955/925 922/952/922 921/950/921
f 925/955/925 926/956/926 923/953/923 922/952/922
f 926/956/926 903/933/903 901/930/901 923/953/923
f 803/833/803 927/957/927 924/954/924 801/830/801
f 927/957/927 928/958/928 925/955/925 924/954/924
f 928/958/928 929/959/929 926/956/926 925/955/925
f 929/959/929 905/935/905 903/933/903 926/956/926
f 804/834/804 930/960/930 927/957/927 803/833/803
f 907/940/907 930/960/930 804/834/804 789/818/789
f 930/960/930 931/961/931 928/958/928 927/957/927
f 931/961/931 932/962/932 929/959/929 928/958/928
f 909/937/909 932/962/932 931/961/931 908/943/908
f 932/962/932 909/937/909 905/935/905 929/959/929
f 911/939/911 933/963/933 930/960/930 907/940/907
f 933/963/933 934/964/934 931/961/931 930/960/930
f 912/941/912 934/964/934 933/963/933 911/939/911
f 934/964/934 912/941/912 908/943/908 931/961/931
f 807/837/807 935/965/935 701/731/701 588/618/588
f 935/965/935 936/966/936 702/732/702 701/731/701
f 936/966/936 937/967/937 703/733/703 702/732/702
f 915/944/915 937/967/937 936/966/936 914/948/914
f 937/967/937 915/944/915 692/722/692 703/733/703
f 809/839/809 938/968/938 935/965/935 807/837/807
f 917/951/917 938/968/938 809/839/809 797/829/797
f 938/968/938 939/969/939 936/966/936 935/965/935
f 918/946/918 939/969/939 938/968/938 917/951/917
f 939/969/939 918/946/918 914/948/914 936/966/936
f 810/840/810 940/970/940 823/872/823 718/748/718
f 485/515/485 940/970/940 810/840/810 352/365/352
f 486/516/486 941/971/941 940/970/940 485/515/485
f 941/971/941 942/972/942 825/854/825 824/876/824
f 487/517/487 942/972/942 941/971/941 486/516/486
f 942/972/942 487/517/487 471/500/471 825/854/825
f 940/970/940 943/973/943 844/870/844 823/872/823
f 943/973/943 944/974/944 845/873/845 844/870/844
f 941/971/941 944/974/944 943/973/943 940/970/940
f 944/974/944 941/971/941 824/876/824 845/873/845
